title,genre,budget,revenue,roi,success,popularity,runtime,vote_average,has_missing,is_duplicate_title,invalid_budget_flag,invalid_revenue_flag,budget_outlier_flag,revenue_outlier_flag,popularity_outlier_flag,runtime_outlier_flag,vote_average_outlier_flag
Movie 1,Romance,57755036,107323371,0.8582513047000785,1,60.3773601820793,98,6.611888117846714,False,False,False,False,False,False,False,False,False
Movie 2,Drama,192100010,342896533,0.7849896676215686,1,86.28985701546246,96,7.184686968985837,False,False,False,False,False,False,False,False,False
Movie 3,Comedy,128521863,253206827,0.9701459431847794,1,86.99532434251914,148,3.5429778665752005,False,False,False,False,False,False,False,False,False
Movie 4,Drama,156299516,89635602,-0.42651388632579,0,72.71009622662443,118,5.985175896164717,False,False,False,False,False,False,False,False,False
Movie 5,Comedy,148532820,221133868,0.48878791906058205,1,74.82958452853647,161,4.578480179545145,False,False,False,False,False,False,False,False,False
Movie 6,Romance,134224038,270524761,1.0154717815895242,1,56.234817069919366,150,7.346318135988268,False,False,False,False,False,False,False,False,False
Movie 7,Adventure,36788921,73368473,0.9943089116421762,1,58.88214092641665,160,4.137333051221643,False,False,False,False,False,False,False,False,False
Movie 8,Action,134120466,332939335,1.4823902341645607,1,14.231407559641282,118,8.353427493228638,False,False,False,False,False,False,False,False,False
Movie 9,Horror,161953558,346179511,1.137523344809751,1,44.94205965370881,115,5.585648019109962,False,False,False,False,False,False,False,False,False
Movie 10,Horror,94410762,281375537,1.980333290816994,1,45.626852104750014,119,4.188018181845321,False,False,False,False,False,False,False,False,False
Movie 11,Action,92090292,111395762,0.2096363208404204,1,95.89128573110628,124,5.628130778101976,False,False,False,False,False,False,False,False,False
Movie 12,Horror,166850211,233236168,0.3978775729567402,1,43.677599399705656,83,5.452462576851167,False,False,False,False,False,False,False,False,False
Movie 13,Horror,77737383,113466874,0.45961787779760993,1,55.38492184537301,104,5.573513756962262,False,False,False,False,False,False,False,False,False
Movie 14,Unknown,89358551,148740169,0.6645320155202606,1,53.79188852863115,148,6.513367760984681,False,False,False,False,False,False,False,False,False
Movie 15,Adventure,112190146,290571935,1.5899951587548518,1,64.03940998738838,109,6.127042349481226,False,False,False,False,False,False,False,False,False
Movie 16,Drama,89409749,97410154,0.08948023106518284,1,75.07505030185769,155,3.898662790085416,False,False,False,False,False,False,False,False,False
Movie 17,Animation,140199233,342086201,1.4400005169785772,1,23.27914574091634,147,3.393474435879818,False,False,False,False,False,False,False,False,False
Movie 18,Action,149171095,225736957,0.5132754572861451,1,53.343717490745135,167,7.376492692359243,False,False,False,False,False,False,False,False,False
Movie 19,Romance,86652971,173707878,1.004638456077865,1,82.76585302428701,108,6.358304615569881,False,False,False,False,False,False,False,False,False
Movie 20,Comedy,5521373,11491917,1.0813513233030987,1,46.84835666991364,152,5.154004608475582,False,False,False,False,False,False,False,False,False
Movie 21,Horror,107683173,154215397,0.43212159062214855,1,28.56729709098373,147,7.850146934988443,False,False,False,False,False,False,False,False,False
Movie 22,Unknown,4344769,7740371,0.7815379828018475,1,65.81619846027361,130,5.328350845565742,False,False,False,False,False,False,False,False,False
Movie 23,Thriller,107328085,164488655,0.5325779361478405,1,82.55297218411317,103,7.775790537603645,False,False,False,False,False,False,False,False,False
Movie 24,Horror,31349564,21092988,-0.32716805886040395,0,7.250888999811741,93,4.834536765074248,False,False,False,False,False,False,False,False,False
Movie 25,Comedy,100052376,159374777,0.5929134656432347,1,77.90225785731549,148,3.4370717852711987,False,False,False,False,False,False,False,False,False
Movie 26,Science Fiction,178077808,132397908,-0.256516522260876,0,82.34314536321534,97,8.595838162799573,False,False,False,False,False,False,False,False,False
Movie 27,Drama,107406362,162457707,0.512551993893993,1,46.69076983127207,121,5.367306775688239,False,False,False,False,False,False,False,False,False
Movie 28,Adventure,107777086,213646086,0.9822959956441947,1,98.34726002502828,136,7.756155437096267,False,False,False,False,False,False,False,False,False
Movie 29,Animation,63250665,123246276,0.9485372367231237,1,78.8841257300236,162,4.674864799333827,False,False,False,False,False,False,False,False,False
Movie 30,Science Fiction,182009883,392513995,1.1565531966195484,1,77.59259392467091,91,6.878190672741936,False,False,False,False,False,False,False,False,False
Movie 31,Thriller,156716283,115680715,-0.2618462307455314,0,75.0360188667951,161,8.239865239546369,False,False,False,False,False,False,False,False,False
Movie 32,Adventure,195438926,416345129,1.1303081096546754,1,15.910202218609124,96,3.249864134039882,False,False,False,False,False,False,False,False,False
Movie 33,Animation,80757501,103399493,0.28037014171599983,1,22.50585775884807,109,7.983814588116536,False,False,False,False,False,False,False,False,False
Movie 34,Science Fiction,121716221,182284021,0.49761485776000225,1,46.93502301497808,167,6.427998029831572,False,False,False,False,False,False,False,False,False
Movie 35,Unknown,152079598,402245310,1.6449656317476589,1,27.13643064598712,154,6.644830523451415,False,False,False,False,False,False,False,False,False
Movie 36,Animation,53286002,27845986,-0.47742399589295514,0,42.10885626107,178,6.138948004835896,False,False,False,False,False,False,False,False,False
Movie 37,Science Fiction,33049003,65140628,0.9710315618295656,1,88.95794688236914,102,8.246850619701855,False,False,False,False,False,False,False,False,False
Movie 38,Animation,62136438,124073104,0.9967849460569336,1,82.60836229604766,160,3.260600143413825,False,False,False,False,False,False,False,False,False
Movie 39,Animation,197412659,294470482,0.4916494387525574,1,63.37394796951824,80,4.5661703492150885,False,False,False,False,False,False,False,False,False
Movie 40,Science Fiction,129482111,141468223,0.0925696368975634,1,85.95391903085925,158,8.254575233154931,False,False,False,False,False,False,False,False,False
Movie 41,Romance,126683192,137664736,0.08668509078931323,1,78.59346651270768,111,7.514074215191735,False,False,False,False,False,False,False,False,False
Movie 42,Animation,194466162,526862150,1.7092741718222422,1,43.46950825224816,88,3.105870961071635,False,False,False,False,False,False,False,False,False
Movie 43,Action,196524628,315434003,0.6050609341440911,1,20.90545005294457,94,6.102037699258252,False,False,False,False,False,False,False,False,False
Movie 44,Action,56831368,75427921,0.32722339184233606,1,51.90590296092458,107,6.177436084276049,False,False,False,False,False,False,False,False,False
Movie 45,Horror,11959014,19396850,0.6219439161121477,1,73.88665937032646,103,5.405292810767462,False,False,False,False,False,False,False,False,False
Movie 46,Adventure,57972561,126001970,1.1734760001373754,1,44.20554027422971,139,4.784359992371938,False,False,False,False,False,False,False,False,False
Movie 47,Romance,49900483,43133549,-0.13560858719543856,0,67.01041906860583,114,7.090349102474052,False,False,False,False,False,False,False,False,False
Movie 48,Drama,21193880,34410056,0.6235845442174817,1,10.33841520281332,165,4.246742788228523,False,False,False,False,False,False,False,False,False
Movie 49,Romance,121826171,239962340,0.9697109252493867,1,75.05246890076894,106,7.793691372430237,False,False,False,False,False,False,False,False,False
Movie 50,Animation,4385357,12592370,1.8714583556139215,1,81.45864836941314,162,7.81822296460483,False,False,False,False,False,False,False,False,False
Movie 51,Horror,45738553,51744914,0.13131943636258017,1,70.97694772227358,155,5.491568625436923,False,False,False,False,False,False,False,False,False
Movie 52,Romance,69574553,97274052,0.3981268697479091,1,96.75909516511018,99,4.701288065457886,False,False,False,False,False,False,False,False,False
Movie 53,Adventure,152063092,220247646,0.4483964721695913,1,82.8385536886034,144,4.703269089544279,False,False,False,False,False,False,False,False,False
Movie 54,Horror,187375041,377344363,1.0138453925675193,1,90.40627905977728,164,5.89374794397726,False,False,False,False,False,False,False,False,False
Movie 55,Unknown,12392366,17248068,0.3918300992724069,1,93.42353726230716,128,7.317475348496153,False,False,False,False,False,False,False,False,False
Movie 56,Thriller,89883975,164827418,0.8337798033520436,1,80.33345119550705,80,5.153212145963153,False,False,False,False,False,False,False,False,False
Movie 57,Action,148697582,364974620,1.4544758232854116,1,67.75162535864341,89,6.660260072746509,False,False,False,False,False,False,False,False,False
Movie 58,Horror,148405005,335909384,1.2634639849242282,1,1.5661395547181396,126,5.294906763495566,False,False,False,False,False,False,False,False,False
Movie 59,Comedy,69979792,113081858,0.6159216077692828,1,47.11674956908934,138,4.8271391349083,False,False,False,False,False,False,False,False,False
Movie 60,Thriller,38709731,102988804,1.6605404207019676,1,57.54506756361374,175,3.1491570954947647,False,False,False,False,False,False,False,False,False
Movie 61,Action,162156967,307344308,0.8953506203652662,1,31.09899697235196,141,3.023484634412344,False,False,False,False,False,False,False,False,False
Movie 62,Thriller,24027075,44444432,0.8497645676804189,1,32.492340243443735,165,4.363246066992026,False,False,False,False,False,False,False,False,False
Movie 63,Adventure,87191493,51047952,-0.41453058958400907,0,96.15478215530636,97,5.438437720805973,False,False,False,False,False,False,False,False,False
Movie 64,Drama,88796277,263434796,1.9667324453253823,1,89.27937565507185,125,8.107567004172362,False,False,False,False,False,False,False,False,False
Movie 65,Unknown,23335235,18841499,-0.19257299101551795,0,85.06872154466872,111,7.790905457582553,False,False,False,False,False,False,False,False,False
Movie 66,Unknown,135489564,146034348,0.0778272782691957,1,41.19516836890495,106,4.602991575527939,False,False,False,False,False,False,False,False,False
Movie 67,Comedy,138802430,87340331,-0.37075791108268064,0,2.35615649048254,171,4.467242657905796,False,False,False,False,False,False,False,False,False
Movie 68,Unknown,128924625,270742668,1.1000074113071883,1,8.942002399115694,97,4.363932426420165,False,False,False,False,False,False,False,False,False
Movie 69,Animation,108944665,115672318,0.06175293668579365,1,31.90744045354276,118,5.035424043173202,False,False,False,False,False,False,False,False,False
Movie 70,Animation,53631083,50950928,-0.049973911584071495,0,2.558548386572021,128,5.9891923173701125,False,False,False,False,False,False,False,False,False
Movie 71,Drama,9585377,6914785,-0.27861105515203,0,2.697828409604613,172,5.632006632189453,False,False,False,False,False,False,False,False,False
Movie 72,Romance,87544585,66382641,-0.24172761799030745,0,91.74372686259868,161,4.309639192688962,False,False,False,False,False,False,False,False,False
Movie 73,Animation,86157821,169013794,0.9616767466763116,1,70.90969170978636,123,3.782708459661708,False,False,False,False,False,False,False,False,False
Movie 74,Animation,153041741,339832195,1.2205196620182202,1,31.586643016747114,151,3.075466874917172,False,False,False,False,False,False,False,False,False
Movie 75,Horror,171819422,256603281,0.4934474695183179,1,14.131813182494364,133,3.923779431999023,False,False,False,False,False,False,False,False,False
Movie 76,Romance,61304654,104202138,0.699742698164482,1,51.65193607161263,174,7.23213822116471,False,False,False,False,False,False,False,False,False
Movie 77,Science Fiction,112636935,249481725,1.2149193335205721,1,1.529269924582081,113,4.4618314160734975,False,False,False,False,False,False,False,False,False
Movie 78,Thriller,35119117,19085465,-0.4565505448214999,0,93.90296064195626,150,5.811610860729059,False,False,False,False,False,False,False,False,False
Movie 79,Science Fiction,37433622,48956688,0.30782663777499275,1,42.06669681950577,115,6.547806893539468,False,False,False,False,False,False,False,False,False
Movie 80,Romance,90482491,265362016,1.9327443692946076,1,40.831160568495946,97,8.321045416989643,False,False,False,False,False,False,False,False,False
Movie 81,Romance,195249720,380791736,0.9502805740259193,1,39.66876715059644,117,8.333130590360517,False,False,False,False,False,False,False,False,False
Movie 82,Drama,102670589,116588762,0.135561441066633,1,7.863504708388711,138,7.474402402088154,False,False,False,False,False,False,False,False,False
Movie 83,Drama,56105831,101233160,0.8043251155125035,1,64.19390173939084,88,3.2109419522910088,False,False,False,False,False,False,False,False,False
Movie 84,Science Fiction,138584340,188008188,0.35663371489159595,1,73.56735834320698,152,6.450422514512489,False,False,False,False,False,False,False,False,False
Movie 85,Drama,59743503,109367201,0.8306124600695075,1,67.93641436124074,151,7.719500824989039,False,False,False,False,False,False,False,False,False
Movie 86,Animation,92693393,75485214,-0.18564623047081683,0,14.705113839610036,130,3.1037282685801797,False,False,False,False,False,False,False,False,False
Movie 87,Romance,171476398,142631775,-0.16821337126523966,0,58.30517663552367,114,6.29810768193947,False,False,False,False,False,False,False,False,False
Movie 88,Romance,70739572,60755099,-0.1411440968288584,0,57.37896393305313,161,8.146584874716176,False,False,False,False,False,False,False,False,False
Movie 89,Horror,105157975,299652852,1.8495494706892177,1,86.97266800619683,84,5.844612455053602,False,False,False,False,False,False,False,False,False
Movie 90,Drama,191066585,445614526,1.332247294837033,1,38.533638179189055,93,3.024637217384691,False,False,False,False,False,False,False,False,False
Movie 91,Animation,120208152,108903144,-0.09404526907626032,0,37.77710842228399,171,3.0660801500136445,False,False,False,False,False,False,False,False,False
Movie 92,Animation,133862715,129963656,-0.029127296573956386,0,62.23417881310037,109,5.499816224482503,False,False,False,False,False,False,False,False,False
Movie 93,Comedy,192273147,447433781,1.3270736864779147,1,63.67419269645179,83,3.930052004500528,False,False,False,False,False,False,False,False,False
Movie 94,Adventure,184378299,164172209,-0.10959039165449726,0,47.45923750525325,118,6.986703942559558,False,False,False,False,False,False,False,False,False
Movie 95,Romance,112665644,122400319,0.08640322510383024,1,44.86287687071169,163,7.252795589436924,False,False,False,False,False,False,False,False,False
Movie 96,Comedy,69394024,201823295,1.9083670807157689,1,49.92061939315038,143,4.067278772763771,False,False,False,False,False,False,False,False,False
Movie 97,Comedy,199743196,227360951,0.1382663117095613,1,86.24348465082788,104,8.33119973114691,False,False,False,False,False,False,False,False,False
Movie 98,Unknown,173945196,374692020,1.1540808749900744,1,46.65552322413709,107,5.651447069873555,False,False,False,False,False,False,False,False,False
Movie 99,Science Fiction,52757120,155452980,1.9465782059369428,1,94.05324740501244,155,3.8570754455515424,False,False,False,False,False,False,False,False,False
Movie 100,Animation,68157848,97857079,0.435741911921867,1,50.89637259603628,145,7.585509588416373,False,False,False,False,False,False,False,False,False
Movie 101,Romance,96540567,52497792,-0.45621003033885227,0,94.97086862490823,157,7.739847000100637,False,False,False,False,False,False,False,False,False
Movie 102,Action,86390464,95925226,0.11036822304832163,1,83.4503582850385,101,6.835772835992745,False,False,False,False,False,False,False,False,False
Movie 103,Thriller,49170987,126723122,1.5771929695045577,1,36.88070093896708,110,8.12079331921532,False,False,False,False,False,False,False,False,False
Movie 104,Romance,187780295,499781403,1.661522088885844,1,86.50050070836498,102,7.424237832184028,False,False,False,False,False,False,False,False,False
Movie 105,Science Fiction,24717335,59848043,1.421298372174832,1,11.896265135910406,127,8.293234423361945,False,False,False,False,False,False,False,False,False
Movie 106,Comedy,61472382,48119016,-0.21722545256176992,0,92.57967035895844,99,5.603328290912877,False,False,False,False,False,False,False,False,False
Movie 107,Adventure,13719242,34144119,1.488775910505843,1,63.53270799320627,117,7.485582768596655,False,False,False,False,False,False,False,False,False
Movie 108,Horror,49715250,139038365,1.7966944750353262,1,6.384684103708807,134,8.998509380574266,False,False,False,False,False,False,False,False,False
Movie 109,Science Fiction,84139152,168406519,1.0015238446900439,1,64.78141564143034,147,7.3495871851177155,False,False,False,False,False,False,False,False,False
Movie 110,Unknown,103400391,294917394,1.8521883829240064,1,97.45051776033084,158,3.685102681422793,False,False,False,False,False,False,False,False,False
Movie 111,Horror,179271906,460208409,1.567097205961541,1,7.910264806848263,167,6.109912334575098,False,False,False,False,False,False,False,False,False
Movie 112,Comedy,173552610,376162923,1.1674287871556641,1,55.91408326822855,168,6.524086747458168,False,False,False,False,False,False,False,False,False
Movie 113,Romance,92355424,179443180,0.9429630900725441,1,75.03164062617788,80,4.0452640504283455,False,False,False,False,False,False,False,False,False
Movie 114,Romance,187659194,257362230,0.37143416485099046,1,81.2156000832536,86,8.777349805068226,False,False,False,False,False,False,False,False,False
Movie 115,Animation,50583876,45435378,-0.10178140560047237,0,41.96891906675879,136,4.053478665807698,False,False,False,False,False,False,False,False,False
Movie 116,Science Fiction,198421286,399299981,1.0123848053277913,1,21.212489357656057,174,4.065347518279337,False,False,False,False,False,False,False,False,False
Movie 117,Animation,112999993,146366504,0.29527887669869146,1,5.191885598466,91,8.49100282784733,False,False,False,False,False,False,False,False,False
Movie 118,Science Fiction,172625499,460236267,1.6660966639696724,1,58.39288955262525,84,5.791232598730026,False,False,False,False,False,False,False,False,False
Movie 119,Romance,162226952,483978535,1.9833423425227148,1,45.83819595649347,129,3.379129675647097,False,False,False,False,False,False,False,False,False
Movie 120,Science Fiction,52327755,124596016,1.3810693961550615,1,94.92569511982138,121,6.589124999631172,False,False,False,False,False,False,False,False,False
Movie 121,Romance,80018913,58110073,-0.27379577125722765,0,6.999885863776068,91,6.610958091798287,False,False,False,False,False,False,False,False,False
Movie 122,Unknown,142347872,173908386,0.22171398529933767,1,68.85413900115456,97,3.387004552119371,False,False,False,False,False,False,False,False,False
Movie 123,Drama,5545583,4285482,-0.22722606441919632,0,3.47165598988566,145,8.835134973801972,False,False,False,False,False,False,False,False,False
Movie 124,Action,189296765,402497758,1.1262791152294653,1,17.971983494343732,153,6.264179791767454,False,False,False,False,False,False,False,False,False
Movie 125,Drama,55474455,133858592,1.4129771441648233,1,45.90432099236058,158,6.3587743330785855,False,False,False,False,False,False,False,False,False
Movie 126,Unknown,176760164,497436169,1.8141870755449174,1,46.03237183748395,173,6.120692487014367,False,False,False,False,False,False,False,False,False
Movie 127,Adventure,181844642,290120554,0.5954308623511712,1,68.88435375043075,96,6.66439067786772,False,False,False,False,False,False,False,False,False
Movie 128,Drama,124685547,343314063,1.7534391215366765,1,91.1110904519079,147,4.58579851664253,False,False,False,False,False,False,False,False,False
Movie 129,Romance,54933927,148031985,1.694727886466227,1,64.26418373257715,150,4.723448087849045,False,False,False,False,False,False,False,False,False
Movie 130,Horror,107179285,138581667,0.292989284263279,1,95.39997468729938,141,6.068034538776796,False,False,False,False,False,False,False,False,False
Movie 131,Action,53453338,142840766,1.6722515626619987,1,88.27994834792176,120,7.840115128581477,False,False,False,False,False,False,False,False,False
Movie 132,Comedy,150099456,216020229,0.43918062567795046,1,58.86547975754824,174,3.299187458965073,False,False,False,False,False,False,False,False,False
Movie 133,Animation,35045666,43532786,0.2421731691445099,1,83.5454031409639,113,6.620425273321476,False,False,False,False,False,False,False,False,False
Movie 134,Science Fiction,147939822,314029884,1.1226866421402075,1,64.61518342203976,149,7.840668855037884,False,False,False,False,False,False,False,False,False
Movie 135,Action,111573005,147382703,0.32095306566315035,1,8.777225261448987,124,3.941503632223363,False,False,False,False,False,False,False,False,False
Movie 136,Comedy,157396162,326679176,1.0755218669182036,1,74.31590760269148,137,3.0901352518833978,False,False,False,False,False,False,False,False,False
Movie 137,Comedy,47321408,95805953,1.0245795095530548,1,10.395935685467276,130,4.876279770848749,False,False,False,False,False,False,False,False,False
Movie 138,Action,148014660,282500383,0.9085973173197844,1,59.81419527640153,113,6.528862240377589,False,False,False,False,False,False,False,False,False
Movie 139,Drama,91053374,132122931,0.45104926040412296,1,70.56138037996466,123,3.829699040428486,False,False,False,False,False,False,False,False,False
Movie 140,Unknown,27063245,50642078,0.8712492903197676,1,7.586233212874669,94,5.556734225834913,False,False,False,False,False,False,False,False,False
Movie 141,Thriller,174660954,347787282,0.9912136859163153,1,23.848670738726643,157,6.313928984245668,False,False,False,False,False,False,False,False,False
Movie 142,Comedy,98636744,183880316,0.8642172130093831,1,91.65155099390331,149,6.593298568543903,False,False,False,False,False,False,False,False,False
Movie 143,Adventure,100483854,161884375,0.6110486267773925,1,62.01513473105674,129,4.646470326002251,False,False,False,False,False,False,False,False,False
Movie 144,Adventure,110174313,59126988,-0.4633323649587903,0,25.382315862242628,111,5.400177815917749,False,False,False,False,False,False,False,False,False
Movie 145,Animation,8887739,17487997,0.9676542031668571,1,69.37729734365266,146,7.670035374405352,False,False,False,False,False,False,False,False,False
Movie 146,Horror,195954700,180496022,-0.07888903915037507,0,60.08086557620727,82,8.647288164724113,False,False,False,False,False,False,False,False,False
Movie 147,Romance,62071026,130748887,1.1064399193272558,1,50.65599429187689,165,8.171281986709543,False,False,False,False,False,False,False,False,False
Movie 148,Comedy,135987326,326146674,1.39836081488947,1,97.64251052382028,165,6.385701010400592,False,False,False,False,False,False,False,False,False
Movie 149,Thriller,90178975,157913600,0.7511132722455539,1,68.66192396334338,153,5.461756817663679,False,False,False,False,False,False,False,False,False
Movie 150,Unknown,50007334,92809069,0.8559091552451087,1,38.16866985712336,130,4.99773968622851,False,False,False,False,False,False,False,False,False
Movie 151,Horror,163651376,471102626,1.8786963942179136,1,80.20726977560993,146,3.7497393965041086,False,False,False,False,False,False,False,False,False
Movie 152,Adventure,8971379,23486338,1.6179183824471133,1,88.57374599919758,155,3.639307483296678,False,False,False,False,False,False,False,False,False
Movie 153,Adventure,4331068,12064585,1.7855912213800385,1,13.396835392166311,172,7.1301457494819465,False,False,False,False,False,False,False,False,False
Movie 154,Action,37810847,95828405,1.5344157193833823,1,20.85474480668138,127,4.558766497026962,False,False,False,False,False,False,False,False,False
Movie 155,Comedy,35428803,27361517,-0.2277041648852771,0,22.40647390365019,96,4.527970118594681,False,False,False,False,False,False,False,False,False
Movie 156,Thriller,140871965,122907921,-0.1275203621955582,0,69.42996912926749,86,8.989170326866713,False,False,False,False,False,False,False,False,False
Movie 157,Science Fiction,62553124,113631471,0.8165594894988778,1,60.700915950275046,92,4.127555747242773,False,False,False,False,False,False,False,False,False
Movie 158,Animation,181033766,201884175,0.11517414381138158,1,62.28016490516023,145,3.888358556932978,False,False,False,False,False,False,False,False,False
Movie 159,Animation,152968492,258782715,0.6917386817149247,1,94.1365566692606,83,3.592111366559524,False,False,False,False,False,False,False,False,False
Movie 160,Drama,172116174,255749713,0.48591330527716703,1,77.8152417479233,89,6.478832071000777,False,False,False,False,False,False,False,False,False
Movie 161,Adventure,24841962,46542300,0.873535592720092,1,13.665755526666535,167,6.767182956012609,False,False,False,False,False,False,False,False,False
Movie 162,Drama,67834972,160578219,1.3671892869654314,1,35.40320116009292,96,5.191367557541292,False,False,False,False,False,False,False,False,False
Movie 163,Romance,178374243,408249993,1.2887272631620923,1,44.10397097139783,131,6.212480013068807,False,False,False,False,False,False,False,False,False
Movie 164,Science Fiction,23993420,43262183,0.8030853042209072,1,40.20019728601289,85,7.730397185669475,False,False,False,False,False,False,False,False,False
Movie 165,Science Fiction,63190751,161514519,1.555983533096481,1,67.26155230702604,162,7.90862500993049,False,False,False,False,False,False,False,False,False
Movie 166,Animation,157188486,247910642,0.5771552249698493,1,89.29741722239969,148,8.74747245429389,False,False,False,False,False,False,False,False,False
Movie 167,Thriller,171731194,470850136,1.7417857235651666,1,31.299094888756013,175,7.945607915537247,False,False,False,False,False,False,False,False,False
Movie 168,Unknown,32288562,21898124,-0.32179934182265535,0,55.63583650569738,153,6.38904862030456,False,False,False,False,False,False,False,False,False
Movie 169,Comedy,156569237,451960599,1.8866500703455558,1,79.15153276944498,88,4.077941795021076,False,False,False,False,False,False,False,False,False
Movie 170,Horror,24484187,52316163,1.1367327001709306,1,42.205587825689584,170,3.5985813462170544,False,False,False,False,False,False,False,False,False
Movie 171,Adventure,196995197,285679730,0.45018627027744235,1,17.64369471153029,156,3.327071339465155,False,False,False,False,False,False,False,False,False
Movie 172,Animation,37093880,36829968,-0.007114704635912986,0,48.02014556111108,162,6.999154990712302,False,False,False,False,False,False,False,False,False
Movie 173,Drama,185658932,315241082,0.6979580707703307,1,6.467029553559819,100,7.8452175323879585,False,False,False,False,False,False,False,False,False
Movie 174,Thriller,82752859,81627073,-0.013604194629698535,0,94.2959619462254,103,6.052103704104474,False,False,False,False,False,False,False,False,False
Movie 175,Drama,133888171,122618672,-0.08417098326035091,0,8.407299314302332,83,3.32828504900184,False,False,False,False,False,False,False,False,False
Movie 176,Thriller,179283859,366344943,1.0433793931220545,1,44.40721480980724,103,6.212823447548029,False,False,False,False,False,False,False,False,False
Movie 177,Unknown,76415325,138136885,0.807711803882271,1,53.45824484776409,138,8.614495569147302,False,False,False,False,False,False,False,False,False
Movie 178,Adventure,36563453,79534288,1.1752400682725452,1,98.54507939644128,178,6.585679145594763,False,False,False,False,False,False,False,False,False
Movie 179,Unknown,169973642,480008062,1.8240146904659489,1,17.43616054064322,82,7.856564930776889,False,False,False,False,False,False,False,False,False
Movie 180,Thriller,51873983,94963134,0.8306505208979229,1,12.328720342623498,147,7.800915890350503,False,False,False,False,False,False,False,False,False
Movie 181,Thriller,91586459,178807003,0.9523301255702002,1,1.8619085591918143,119,8.592774598683917,False,False,False,False,False,False,False,False,False
Movie 182,Animation,189110296,136928306,-0.27593415643535346,0,16.40157225006093,127,7.62137259389924,False,False,False,False,False,False,False,False,False
Movie 183,Romance,24637222,56519991,1.2940894472599225,1,21.52002492769909,133,7.486203084078538,False,False,False,False,False,False,False,False,False
Movie 184,Drama,137702141,206520578,0.4997630138517599,1,63.42751321672614,114,4.404615989823844,False,False,False,False,False,False,False,False,False
Movie 185,Horror,96057280,282582564,1.9418130931877313,1,22.75097224874864,174,3.3595509319264885,False,False,False,False,False,False,False,False,False
Movie 186,Thriller,174667704,446788640,1.5579350376071812,1,3.031560658203196,135,6.105596790322847,False,False,False,False,False,False,False,False,False
Movie 187,Adventure,98453338,177826675,0.806202599245543,1,82.83521620474639,168,3.746605247680531,False,False,False,False,False,False,False,False,False
Movie 188,Thriller,3235000,2614063,-0.1919434312210201,0,37.19397439939271,119,8.773175257667948,False,False,False,False,False,False,False,False,False
Movie 189,Action,24685747,65381175,1.6485394588221292,1,36.01597197149266,156,4.739548575798171,False,False,False,False,False,False,False,False,False
Movie 190,Animation,173094412,432641302,1.4994527379659142,1,30.94542388762473,147,8.117665220305758,False,False,False,False,False,False,False,False,False
Movie 191,Science Fiction,30859174,29669948,-0.03853719480631594,0,97.56195443749569,125,5.325747751214756,False,False,False,False,False,False,False,False,False
Movie 192,Action,171320581,212128410,0.23819571917048307,1,17.841426313618868,157,4.939165499144265,False,False,False,False,False,False,False,False,False
Movie 193,Action,47159303,117120984,1.4835181300283424,1,89.92556833137027,92,8.610951434259727,False,False,False,False,False,False,False,False,False
Movie 194,Horror,147412954,141969158,-0.036928884825142304,0,77.90352988184891,106,5.179935432517344,False,False,False,False,False,False,False,False,False
Movie 195,Romance,183153864,511801718,1.7943812203710865,1,8.571515594431995,85,5.3417274519788185,False,False,False,False,False,False,False,False,False
Movie 196,Unknown,149639396,233634766,0.561318558115538,1,98.68618104858402,96,3.636550677677455,False,False,False,False,False,False,False,False,False
Movie 197,Science Fiction,22200096,15930731,-0.2824026076283634,0,27.865230390362044,115,7.022679991695056,False,False,False,False,False,False,False,False,False
Movie 198,Action,84375337,214260335,1.5393716057098534,1,10.759709775218822,178,4.733036486865081,False,False,False,False,False,False,False,False,False
Movie 199,Science Fiction,108868843,156093339,0.43377420663871663,1,83.10210917845018,160,6.513625007037043,False,False,False,False,False,False,False,False,False
Movie 200,Horror,24234510,44015879,0.8162479455949387,1,70.96087783409229,81,6.548110224319257,False,False,False,False,False,False,False,False,False
Movie 201,Science Fiction,186933626,145950458,-0.2192391432026253,0,62.10466178191218,156,7.315198173574602,False,False,False,False,False,False,False,False,False
Movie 202,Science Fiction,46968757,23787798,-0.49353997168798824,0,16.44210550619438,131,7.471448917034648,False,False,False,False,False,False,False,False,False
Movie 203,Animation,135278815,283404114,1.0949630139796833,1,48.37111550934023,145,6.086714606409236,False,False,False,False,False,False,False,False,False
Movie 204,Unknown,81705119,146083680,0.7879379136575274,1,78.27504666183417,131,4.985951685620418,False,False,False,False,False,False,False,False,False
Movie 205,Science Fiction,67653416,134213987,0.9838464180433993,1,31.058769876240184,171,8.024705369008403,False,False,False,False,False,False,False,False,False
Movie 206,Science Fiction,124850419,310173340,1.4843596239753107,1,31.857293022989104,122,4.8591938964509085,False,False,False,False,False,False,False,False,False
Movie 207,Unknown,11274621,23862902,1.1165147812950875,1,1.3109496987640896,169,6.045054566815988,False,False,False,False,False,False,False,False,False
Movie 208,Science Fiction,148240432,138891442,-0.06306639743197726,0,18.25009676289257,101,5.407515499222368,False,False,False,False,False,False,False,False,False
Movie 209,Animation,17816569,24977605,0.40193125848192207,1,87.6651568870616,134,8.13047031581813,False,False,False,False,False,False,False,False,False
Movie 210,Drama,108147827,298999299,1.7647277554638245,1,44.732902672133,146,5.591511186874973,False,False,False,False,False,False,False,False,False
Movie 211,Thriller,8654909,20986957,1.424861659435125,1,98.43921542420895,178,5.316595133024906,False,False,False,False,False,False,False,False,False
Movie 212,Animation,38814054,73420379,0.8915926432214476,1,40.17508839380547,139,7.1389421573858245,False,False,False,False,False,False,False,False,False
Movie 213,Adventure,107388866,122327999,0.13911249421332003,1,71.80345902324389,137,6.614646659168656,False,False,False,False,False,False,False,False,False
Movie 214,Animation,100157604,125712942,0.2551512514217093,1,28.909985247568184,91,3.643481000975077,False,False,False,False,False,False,False,False,False
Movie 215,Comedy,150638768,350972537,1.3298951635079757,1,37.01715447295242,167,6.04901283806378,False,False,False,False,False,False,False,False,False
Movie 216,Comedy,159428240,418967155,1.6279356467837818,1,19.88187277149857,148,7.412870329999485,False,False,False,False,False,False,False,False,False
Movie 217,Drama,73073914,159196028,1.1785616683950992,1,35.3591744814401,163,8.952448587548137,False,False,False,False,False,False,False,False,False
Movie 218,Comedy,168997441,426519956,1.5238249376805653,1,55.17651452164367,118,6.774881003821915,False,False,False,False,False,False,False,False,False
Movie 219,Thriller,12506305,30223241,1.4166403266192533,1,99.18551521694567,92,5.221758398647907,False,False,False,False,False,False,False,False,False
Movie 220,Thriller,155777819,136190303,-0.12574008370216044,0,66.75596959410679,120,4.3569095988127104,False,False,False,False,False,False,False,False,False
Movie 221,Adventure,142951830,222985132,0.5598620318466717,1,20.72534948642309,136,8.236981404919922,False,False,False,False,False,False,False,False,False
Movie 222,Thriller,124035620,109456411,-0.1175405016720197,0,5.451182717563562,132,7.887391272681016,False,False,False,False,False,False,False,False,False
Movie 223,Drama,140892447,153303516,0.08808895909090145,1,13.50929165013655,91,4.40353692467631,False,False,False,False,False,False,False,False,False
Movie 224,Thriller,143875872,384601652,1.6731490600453147,1,56.69296492603169,92,4.203792540879441,False,False,False,False,False,False,False,False,False
Movie 225,Romance,41163712,69246827,0.6822298970510725,1,76.75087255285986,153,7.290820660867054,False,False,False,False,False,False,False,False,False
Movie 226,Thriller,86447809,158925241,0.8383952449274914,1,94.10150152277394,176,4.889712371512557,False,False,False,False,False,False,False,False,False
Movie 227,Animation,133863028,126649807,-0.05388508767334921,0,2.566494027685261,136,4.838392790171747,False,False,False,False,False,False,False,False,False
Movie 228,Thriller,45165849,57842975,0.28067945761409246,1,52.75325401462511,119,3.913741482405932,False,False,False,False,False,False,False,False,False
Movie 229,Thriller,130693942,140576419,0.07561541758377753,1,47.6158682660945,159,4.583853118258979,False,False,False,False,False,False,False,False,False
Movie 230,Science Fiction,79826934,81061490,0.015465406700951336,1,65.9494471755947,124,5.565045345555897,False,False,False,False,False,False,False,False,False
Movie 231,Action,50905866,106642799,1.0949019706294751,1,56.398306592068856,114,7.397030023634493,False,False,False,False,False,False,False,False,False
Movie 232,Horror,175875390,200886562,0.1422096178436335,1,69.01687590766558,82,5.017848566482499,False,False,False,False,False,False,False,False,False
Movie 233,Romance,141877636,295110975,1.0800387102587472,1,66.15017589016985,84,4.971626036879056,False,False,False,False,False,False,False,False,False
Movie 234,Action,32378291,20920796,-0.3538634883477945,0,12.584160760936674,169,4.709479515314615,False,False,False,False,False,False,False,False,False
Movie 235,Thriller,198238369,169381995,-0.14556402045458716,0,80.17207344825324,90,5.869702005066258,False,False,False,False,False,False,False,False,False
Movie 236,Adventure,37634821,44648093,0.18635061396997213,1,13.20002499591616,150,4.083820187647892,False,False,False,False,False,False,False,False,False
Movie 237,Romance,103325205,205887590,0.9926172902342657,1,70.15453189570458,135,5.913784404192754,False,False,False,False,False,False,False,False,False
Movie 238,Thriller,154651082,338624490,1.1896031092753687,1,42.198391396420064,89,7.22505333716814,False,False,False,False,False,False,False,False,False
Movie 239,Adventure,17887294,28741168,0.6067923968823904,1,51.87122272308319,113,3.1787430241957333,False,False,False,False,False,False,False,False,False
Movie 240,Romance,120356143,194312259,0.6144772851353337,1,90.42650342319534,146,3.058676281834571,False,False,False,False,False,False,False,False,False
Movie 241,Romance,98935968,228669924,1.3112921278538459,1,89.09848892087517,151,3.450737460927056,False,False,False,False,False,False,False,False,False
Movie 242,Thriller,111456008,60136393,-0.4604472735108187,0,81.96777425984793,110,6.213960370368673,False,False,False,False,False,False,False,False,False
Movie 243,Comedy,36562619,49459171,0.35272506053245256,1,51.504689665176,154,8.126730499112421,False,False,False,False,False,False,False,False,False
Movie 244,Horror,36213498,92227364,1.5467676168703726,1,73.88774120324948,150,3.029306796121512,False,False,False,False,False,False,False,False,False
Movie 245,Horror,36703247,73701901,1.0080485249711013,1,51.77680849636213,145,8.619967827508086,False,False,False,False,False,False,False,False,False
Movie 246,Drama,176127900,236551716,0.34306782741405534,1,87.09100216500296,149,3.637671069423215,False,False,False,False,False,False,False,False,False
Movie 247,Thriller,197962050,547129885,1.7638119781038841,1,40.87480749005709,120,8.051901168349357,False,False,False,False,False,True,False,False,False
Movie 248,Drama,122946771,298952059,1.4315568157540306,1,97.0532990970728,142,5.89712858989768,False,False,False,False,False,False,False,False,False
Movie 249,Thriller,58805563,68346096,0.16223861337744527,1,93.29995306465888,111,6.956144323673064,False,False,False,False,False,False,False,False,False
Movie 250,Adventure,141621731,299278524,1.1132245869809345,1,74.41865932572676,99,6.064097906683094,False,False,False,False,False,False,False,False,False
Movie 251,Adventure,72244178,143720893,0.9893768187105679,1,28.66217253343113,136,5.862289351076128,False,False,False,False,False,False,False,False,False
Movie 252,Drama,102573977,154165588,0.5029697834568704,1,14.03370529053258,177,8.009396570186349,False,False,False,False,False,False,False,False,False
Movie 253,Science Fiction,52939266,75035596,0.41739018444267817,1,85.61564155922655,129,7.535318277406898,False,False,False,False,False,False,False,False,False
Movie 254,Science Fiction,168485586,228955262,0.3589011822055805,1,17.364926327658168,159,5.900413419138025,False,False,False,False,False,False,False,False,False
Movie 255,Romance,156331731,319368445,1.0428894566516378,1,85.57181811073623,104,3.6698155763763696,False,False,False,False,False,False,False,False,False
Movie 256,Drama,87641503,140754430,0.6060248304961178,1,49.58573566452368,91,3.692417755886449,False,False,False,False,False,False,False,False,False
Movie 257,Thriller,145639686,375700549,1.5796577795423152,1,41.24912159700232,150,7.809236764314453,False,False,False,False,False,False,False,False,False
Movie 258,Comedy,13984808,30403064,1.1740065362356065,1,90.41588710460849,118,6.1763437280852,False,False,False,False,False,False,False,False,False
Movie 259,Drama,15764960,10638652,-0.32517101216875904,0,60.78124727148752,96,5.889534841316175,False,False,False,False,False,False,False,False,False
Movie 260,Romance,97946087,205727974,1.100420550746453,1,58.08478670584206,124,7.083401048164291,False,False,False,False,False,False,False,False,False
Movie 261,Science Fiction,51402943,60545912,0.1778685901311137,1,56.31782851781537,90,8.153049500485562,False,False,False,False,False,False,False,False,False
Movie 262,Science Fiction,77241446,153094861,0.9820299713187658,1,37.74578208593361,149,6.773238866479831,False,False,False,False,False,False,False,False,False
Movie 263,Unknown,109276583,240444525,1.200329827297034,1,78.7786672493836,102,7.577087414078874,False,False,False,False,False,False,False,False,False
Movie 264,Thriller,54777024,58998852,0.07707297132461961,1,26.027045957561526,170,7.591623144701741,False,False,False,False,False,False,False,False,False
Movie 265,Unknown,123691547,203119654,0.6421466052162804,1,93.95060104408624,149,5.137568692757754,False,False,False,False,False,False,False,False,False
Movie 266,Horror,93649393,91384216,-0.02418784497620823,0,89.50453529964912,117,4.644499173845974,False,False,False,False,False,False,False,False,False
Movie 267,Comedy,179017694,112932809,-0.3691528112299335,0,34.41055224181492,81,7.806984403050952,False,False,False,False,False,False,False,False,False
Movie 268,Thriller,11047453,15976727,0.44619099081027996,1,73.2169132133347,165,5.2630727507054615,False,False,False,False,False,False,False,False,False
Movie 269,Unknown,36581225,51482977,0.4073606611041593,1,57.74909625050955,163,8.42001603913623,False,False,False,False,False,False,False,False,False
Movie 270,Romance,35109026,104930389,1.988701224579685,1,34.42728089792423,168,3.4181441803807178,False,False,False,False,False,False,False,False,False
Movie 271,Science Fiction,177308486,286509392,0.6158808778052507,1,98.86364315154924,158,3.349305072452038,False,False,False,False,False,False,False,False,False
Movie 272,Animation,151255355,201763129,0.33392387330683265,1,3.498497238978156,172,8.56202496060845,False,False,False,False,False,False,False,False,False
Movie 273,Horror,21281689,41524565,0.9511874738889381,1,26.01195703150738,151,6.89072948508861,False,False,False,False,False,False,False,False,False
Movie 274,Thriller,192849071,139221309,-0.27808151588140134,0,52.48733205000389,116,5.277596138689994,False,False,False,False,False,False,False,False,False
Movie 275,Thriller,72450611,210408480,1.904164327889519,1,52.673347344377824,128,7.530362488897097,False,False,False,False,False,False,False,False,False
Movie 276,Science Fiction,128348283,267914220,1.08740010959087,1,59.30437441961085,131,7.033960859961848,False,False,False,False,False,False,False,False,False
Movie 277,Action,47510960,113413153,1.3870945356608244,1,75.41594103026901,112,6.187206280917577,False,False,False,False,False,False,False,False,False
Movie 278,Horror,132437871,122663273,-0.07380515804274745,0,62.72430522141034,101,3.593240055975908,False,False,False,False,False,False,False,False,False
Movie 279,Unknown,120912701,184234033,0.5236946282425698,1,60.42786459227566,84,7.873077523756509,False,False,False,False,False,False,False,False,False
Movie 280,Adventure,96415947,150092901,0.5567227794796228,1,6.297931828391286,97,8.196139144083748,False,False,False,False,False,False,False,False,False
Movie 281,Unknown,110169700,281430273,1.5545161056079848,1,38.276498491140536,117,4.033012131315894,False,False,False,False,False,False,False,False,False
Movie 282,Unknown,33797855,17003420,-0.49690830971373773,0,23.973518230414445,116,8.1030699118624,False,False,False,False,False,False,False,False,False
Movie 283,Romance,35795514,44820736,0.25213276725122596,1,27.27164104859557,173,8.267083866099386,False,False,False,False,False,False,False,False,False
Movie 284,Unknown,6184502,18263396,1.953090806664789,1,55.879409959694144,174,6.296571673731096,False,False,False,False,False,False,False,False,False
Movie 285,Action,114944584,193936382,0.6872163546218063,1,20.75102617803124,143,6.937074217336122,False,False,False,False,False,False,False,False,False
Movie 286,Unknown,125001512,182041664,0.45631569640533626,1,30.100961000672854,89,5.293423920086949,False,False,False,False,False,False,False,False,False
Movie 287,Animation,158666402,126865292,-0.20042749819208733,0,24.47138614321667,158,4.690749885055596,False,False,False,False,False,False,False,False,False
Movie 288,Unknown,56223954,165040445,1.935411568528247,1,94.90179137860127,121,7.3318988817098685,False,False,False,False,False,False,False,False,False
Movie 289,Thriller,166165871,91402177,-0.44993411432844715,0,94.52190748493842,127,8.17125089409485,False,False,False,False,False,False,False,False,False
Movie 290,Adventure,147720975,346102941,1.342950559323075,1,61.38421430100912,123,6.9244653177344855,False,False,False,False,False,False,False,False,False
Movie 291,Thriller,95962818,232373916,1.4214995020258785,1,92.5277244044581,161,6.069543663879295,False,False,False,False,False,False,False,False,False
Movie 292,Unknown,189223891,209876125,0.10914178907778617,1,78.79545190136893,166,3.953548601065029,False,False,False,False,False,False,False,False,False
Movie 293,Adventure,52910807,115287151,1.1788960996191193,1,59.40484039737907,176,3.3207522756289087,False,False,False,False,False,False,False,False,False
Movie 294,Thriller,127736437,93544312,-0.26767714681128923,0,1.6370859381827754,95,5.674150741480479,False,False,False,False,False,False,False,False,False
Movie 295,Comedy,129314487,147757081,0.14261815847438655,1,77.479112321861,133,3.296097382184528,False,False,False,False,False,False,False,False,False
Movie 296,Animation,55847136,137928741,1.4697549575326476,1,70.54634581725841,114,6.41600779144335,False,False,False,False,False,False,False,False,False
Movie 297,Action,74150359,197367158,1.6617154746344518,1,61.91011167495898,177,5.296375147906628,False,False,False,False,False,False,False,False,False
Movie 298,Unknown,166048947,335620793,1.0212160273440336,1,76.2820068565647,107,7.543134718091816,False,False,False,False,False,False,False,False,False
Movie 299,Drama,93942922,166006169,0.7670960777651774,1,51.77929431270181,81,4.833890981017101,False,False,False,False,False,False,False,False,False
Movie 300,Thriller,158319111,142211732,-0.10173995355494385,0,70.70424386081257,173,6.557896205804592,False,False,False,False,False,False,False,False,False
Movie 301,Unknown,152786915,100499043,-0.3422274217657972,0,93.58203658592284,92,6.226101130530603,False,False,False,False,False,False,False,False,False
Movie 302,Animation,102164453,81131098,-0.20587742979449025,0,38.20469656876254,120,3.028274553133447,False,False,False,False,False,False,False,False,False
Movie 303,Drama,189928103,202917903,0.06839324878635786,1,71.10406165516191,159,3.4343363895858623,False,False,False,False,False,False,False,False,False
Movie 304,Animation,189673875,256853754,0.3541862525875005,1,48.09309398308491,138,4.742209274916123,False,False,False,False,False,False,False,False,False
Movie 305,Romance,79110973,114890794,0.4522738078319426,1,67.76556552958417,148,8.293410486124591,False,False,False,False,False,False,False,False,False
Movie 306,Adventure,40501026,55316480,0.3658044119672425,1,76.52644021988205,171,3.882089729398672,False,False,False,False,False,False,False,False,False
Movie 307,Animation,168381501,184821989,0.09763832667105159,1,5.4997975431438,132,7.2653659827632495,False,False,False,False,False,False,False,False,False
Movie 308,Unknown,12310552,21842743,0.7743106076803055,1,65.01344395091753,124,8.840199396913725,False,False,False,False,False,False,False,False,False
Movie 309,Science Fiction,166363810,426426258,1.5632152689938996,1,23.447377256287517,99,7.743405316146931,False,False,False,False,False,False,False,False,False
Movie 310,Action,156322520,187471164,0.19925883999311167,1,67.33322124294911,103,4.457672170122264,False,False,False,False,False,False,False,False,False
Movie 311,Horror,22739356,64942862,1.8559675128882278,1,47.36468840744754,140,8.45019156247849,False,False,False,False,False,False,False,False,False
Movie 312,Adventure,146689489,393618016,1.6833416537431662,1,77.58172144462384,170,3.5586429390503405,False,False,False,False,False,False,False,False,False
Movie 313,Action,154794431,139997713,-0.09558947246622845,0,13.216680705354046,173,5.808851651224415,False,False,False,False,False,False,False,False,False
Movie 314,Thriller,19877237,49011102,1.4656898743019464,1,63.00591281396331,137,8.325251446358482,False,False,False,False,False,False,False,False,False
Movie 315,Thriller,47918818,92793279,0.9364684454445433,1,28.56860216382768,106,6.847594255541218,False,False,False,False,False,False,False,False,False
Movie 316,Horror,116797711,223835619,0.9164384052012801,1,85.44521753772855,105,5.481867388366193,False,False,False,False,False,False,False,False,False
Movie 317,Comedy,158922984,234825698,0.4776069017178786,1,92.90996705799444,86,4.756877200423013,False,False,False,False,False,False,False,False,False
Movie 318,Comedy,106996448,187552201,0.7528824975573021,1,99.64343107422648,121,5.2505964319101,False,False,False,False,False,False,False,False,False
Movie 319,Horror,78633091,117395032,0.4929469324816444,1,79.80473284030104,126,6.053650686055717,False,False,False,False,False,False,False,False,False
Movie 320,Thriller,56403796,104309319,0.8493315414444801,1,75.61967297237246,132,4.914263579236844,False,False,False,False,False,False,False,False,False
Movie 321,Thriller,106797503,221057495,1.0698751262002821,1,22.334575127887557,138,8.813807172493798,False,False,False,False,False,False,False,False,False
Movie 322,Adventure,158725830,346936493,1.1857595137476995,1,34.26469884002076,117,8.59846591839687,False,False,False,False,False,False,False,False,False
Movie 323,Animation,144623362,264834731,0.8312029767362206,1,47.10257163446568,148,8.224028809285924,False,False,False,False,False,False,False,False,False
Movie 324,Thriller,141071312,324965549,1.3035551622288732,1,77.56472373044272,166,5.53097901313592,False,False,False,False,False,False,False,False,False
Movie 325,Comedy,25947744,22138488,-0.14680490142033156,0,91.58162064271887,171,7.147810616011373,False,False,False,False,False,False,False,False,False
Movie 326,Romance,183708911,189212136,0.02995622242842646,1,19.72477090227548,177,8.416975842215788,False,False,False,False,False,False,False,False,False
Movie 327,Unknown,134894603,343554634,1.546837503943727,1,92.31438098234018,132,8.102576926073567,False,False,False,False,False,False,False,False,False
Movie 328,Romance,38856186,50758610,0.30631992548110615,1,69.86684058305174,94,5.485962084121246,False,False,False,False,False,False,False,False,False
Movie 329,Adventure,49673237,27679644,-0.44276544731723444,0,61.46630233781882,175,3.674316295933564,False,False,False,False,False,False,False,False,False
Movie 330,Unknown,66293686,58635298,-0.11552213283177526,0,20.78428585691201,105,3.453782183007297,False,False,False,False,False,False,False,False,False
Movie 331,Comedy,2983509,3159643,0.05903585341958077,1,6.496978248105905,127,6.462384271354216,False,False,False,False,False,False,False,False,False
Movie 332,Horror,118556893,343021514,1.89330721580229,1,57.27802495228605,174,6.855767611265589,False,False,False,False,False,False,False,False,False
Movie 333,Animation,153516645,296686816,0.9326035688182216,1,65.50005264956035,98,8.099055627582144,False,False,False,False,False,False,False,False,False
Movie 334,Thriller,178780965,506276737,1.8318268502466133,1,21.867363486114137,88,4.7550901220461865,False,False,False,False,False,False,False,False,False
Movie 335,Action,78729132,152569844,0.9379083717066765,1,56.08916437672018,143,4.004822943300255,False,False,False,False,False,False,False,False,False
Movie 336,Horror,74214389,126044686,0.6983860906003012,1,85.79284687349478,172,5.274034999069197,False,False,False,False,False,False,False,False,False
Movie 337,Comedy,134568263,172828607,0.2843192231737434,1,83.67152860004698,133,5.12145074179365,False,False,False,False,False,False,False,False,False
Movie 338,Romance,27365210,55166275,1.0159273398596247,1,92.80816287804342,130,3.794813724107129,False,False,False,False,False,False,False,False,False
Movie 339,Animation,193463073,164055730,-0.15200494101528098,0,37.222695146131166,118,7.033695915078913,False,False,False,False,False,False,False,False,False
Movie 340,Adventure,162398036,445888828,1.7456540669001688,1,32.48690768254095,83,6.052151644376256,False,False,False,False,False,False,False,False,False
Movie 341,Science Fiction,12326237,31719487,1.573330936278444,1,75.19317459210006,82,7.326736536688598,False,False,False,False,False,False,False,False,False
Movie 342,Science Fiction,87343264,113007214,0.29382861167175983,1,43.6801281046035,143,5.116146721018408,False,False,False,False,False,False,False,False,False
Movie 343,Romance,62864219,181174290,1.8819938095468902,1,9.66731773875028,108,4.954213269466214,False,False,False,False,False,False,False,False,False
Movie 344,Horror,189652398,486079459,1.5630019136378122,1,28.99731193637947,90,5.835455118263134,False,False,False,False,False,False,False,False,False
Movie 345,Drama,34255876,74190253,1.1657672102736476,1,42.43964626761743,176,8.264444072370882,False,False,False,False,False,False,False,False,False
Movie 346,Animation,184331835,148277408,-0.195595226402428,0,29.959126122148948,137,3.2416878404038822,False,False,False,False,False,False,False,False,False
Movie 347,Science Fiction,151118204,256233768,0.6955850534062726,1,33.88835152378484,154,7.828996903778832,False,False,False,False,False,False,False,False,False
Movie 348,Animation,133166290,235074308,0.7652688829883298,1,30.083814711264687,106,5.213925675946539,False,False,False,False,False,False,False,False,False
Movie 349,Thriller,41820227,45223489,0.08137837224078195,1,5.108417551124865,176,8.127714154730867,False,False,False,False,False,False,False,False,False
Movie 350,Adventure,105436258,73796258,-0.300086522418123,0,64.0723753816198,100,7.813218053015139,False,False,False,False,False,False,False,False,False
Movie 351,Science Fiction,80688895,197026876,1.4418090742226672,1,60.13194961499346,118,5.092567484376531,False,False,False,False,False,False,False,False,False
Movie 352,Horror,88927856,71594716,-0.19491237931115757,0,65.68496634938938,174,7.163259211929696,False,False,False,False,False,False,False,False,False
Movie 353,Science Fiction,188276799,373866299,0.9857268712115719,1,20.03867970732912,125,3.957796540640641,False,False,False,False,False,False,False,False,False
Movie 354,Thriller,13707035,38943371,1.8411228978404155,1,30.269799619636043,145,8.377689312982728,False,False,False,False,False,False,False,False,False
Movie 355,Unknown,140348125,377573365,1.6902629800006235,1,62.34197676754731,170,5.426946386711457,False,False,False,False,False,False,False,False,False
Movie 356,Comedy,71560220,85470207,0.19438155723948305,1,60.36312927753222,115,5.733753692131201,False,False,False,False,False,False,False,False,False
Movie 357,Drama,127960685,336360219,1.628621587951018,1,51.12670062607251,154,7.234554306221909,False,False,False,False,False,False,False,False,False
Movie 358,Drama,172216244,86251279,-0.49916873695143416,0,35.690911751009544,161,7.925041420229106,False,False,False,False,False,False,False,False,False
Movie 359,Science Fiction,37481541,20398186,-0.45578048672011645,0,91.3801694726943,144,4.418056459969257,False,False,False,False,False,False,False,False,False
Movie 360,Drama,67385640,135201396,1.0063829029449005,1,34.63725398758554,142,6.9681008392619725,False,False,False,False,False,False,False,False,False
Movie 361,Horror,67880548,95847031,0.41199553957637464,1,46.10629648728791,178,5.351988263334891,False,False,False,False,False,False,False,False,False
Movie 362,Romance,79384476,116389716,0.46615209754612474,1,68.13326926446666,114,5.212217544023768,False,False,False,False,False,False,False,False,False
Movie 363,Drama,126218996,241217467,0.9111027233967223,1,54.75912165580965,110,7.140154943643928,False,False,False,False,False,False,False,False,False
Movie 364,Action,43058334,42173749,-0.020543874270658034,0,35.34171166007417,107,5.323099644935606,False,False,False,False,False,False,False,False,False
Movie 365,Adventure,113184418,116510724,0.029388373936772818,1,44.12883425519448,80,5.076651000986446,False,False,False,False,False,False,False,False,False
Movie 366,Comedy,184960251,316560203,0.7115039652492686,1,79.6536009674971,104,8.015330448757455,False,False,False,False,False,False,False,False,False
Movie 367,Thriller,174986784,417454397,1.3856338602119804,1,28.53478639317463,122,3.6076567429860384,False,False,False,False,False,False,False,False,False
Movie 368,Science Fiction,56174259,115086697,1.048744372400177,1,15.083268737904726,163,7.055355736981264,False,False,False,False,False,False,False,False,False
Movie 369,Action,191906558,238614238,0.24338761784263777,1,32.00315698114793,146,4.492352362743748,False,False,False,False,False,False,False,False,False
Movie 370,Horror,44369428,69919250,0.5758429430282491,1,85.10388733330223,142,3.092989450957142,False,False,False,False,False,False,False,False,False
Movie 371,Romance,15650271,14502509,-0.07333815497507998,0,9.80998177077832,130,4.000585613236153,False,False,False,False,False,False,False,False,False
Movie 372,Drama,166943254,114618987,-0.31342546491875617,0,99.17791126387272,81,6.639969178655207,False,False,False,False,False,False,False,False,False
Movie 373,Action,80348896,197396354,1.456740090118973,1,54.55928699383859,161,7.254763148915624,False,False,False,False,False,False,False,False,False
Movie 374,Science Fiction,19992383,23260508,0.16346850698088367,1,98.4997286527423,143,3.12634670133792,False,False,False,False,False,False,False,False,False
Movie 375,Action,192094911,181417501,-0.05558403366552485,0,93.96064578651178,153,3.218552659810321,False,False,False,False,False,False,False,False,False
Movie 376,Adventure,85574185,190748721,1.2290451378531972,1,45.82855770688076,148,8.415252689057718,False,False,False,False,False,False,False,False,False
Movie 377,Romance,137206901,280605837,1.0451291804921679,1,20.65061638592956,88,3.439834908682319,False,False,False,False,False,False,False,False,False
Movie 378,Animation,37635193,78393130,1.082974039750507,1,17.323592879948706,81,8.365092951699427,False,False,False,False,False,False,False,False,False
Movie 379,Thriller,33474983,35893099,0.07223651166604028,1,24.758947023125792,113,4.368995482505435,False,False,False,False,False,False,False,False,False
Movie 380,Thriller,34999533,37855979,0.0816138318188417,1,71.3031314158892,139,7.440106800949277,False,False,False,False,False,False,False,False,False
Movie 381,Horror,149934423,157731998,0.05200656956541594,1,28.022049478417298,140,4.858399493676073,False,False,False,False,False,False,False,False,False
Movie 382,Adventure,92992689,86890647,-0.06561851330054559,0,34.80110169082553,110,8.152512153655103,False,False,False,False,False,False,False,False,False
Movie 383,Action,199184878,426118038,1.1393091798866377,1,45.42910159546686,89,7.202729192546148,False,False,False,False,False,False,False,False,False
Movie 384,Horror,199198934,521909117,1.620039708646232,1,91.41003536172418,155,5.410880751610171,False,False,False,False,False,False,False,False,False
Movie 385,Horror,65785345,152016359,1.3107936729677407,1,19.749948370599764,115,3.4578147250444773,False,False,False,False,False,False,False,False,False
Movie 386,Science Fiction,18882750,46833640,1.4802340760747243,1,1.4976287083705082,164,7.396201103224842,False,False,False,False,False,False,False,False,False
Movie 387,Romance,79725274,120544301,0.5119960704054777,1,6.949544627438845,128,6.701308535791089,False,False,False,False,False,False,False,False,False
Movie 388,Unknown,195521577,417475615,1.1351894834604368,1,90.57186782633168,149,3.0174703070027324,False,False,False,False,False,False,False,False,False
Movie 389,Action,11192257,15507886,0.38559059178144317,1,65.10413001949294,128,3.056519135834672,False,False,False,False,False,False,False,False,False
Movie 390,Thriller,44167705,80109685,0.8137615481719053,1,28.031021313452868,82,7.852757839156164,False,False,False,False,False,False,False,False,False
Movie 391,Adventure,156348071,266430733,0.7040871134252753,1,18.54205760010792,153,4.556398432811124,False,False,False,False,False,False,False,False,False
Movie 392,Adventure,41869792,39450465,-0.05778215951013083,0,30.13240692707432,84,6.816802006368394,False,False,False,False,False,False,False,False,False
Movie 393,Animation,50913224,74725181,0.4676968993360153,1,12.36489579787673,169,5.725286518591485,False,False,False,False,False,False,False,False,False
Movie 394,Animation,65356138,190157323,1.9095556870266723,1,94.21175811815966,140,8.180580087130604,False,False,False,False,False,False,False,False,False
Movie 395,Comedy,92959541,104249537,0.12145064270487307,1,78.63641126216142,164,8.501766678614931,False,False,False,False,False,False,False,False,False
Movie 396,Horror,188225564,157075991,-0.16549066098162946,0,46.77672651434153,169,8.980846276073123,False,False,False,False,False,False,False,False,False
Movie 397,Animation,193332313,298979055,0.5464515494624016,1,86.631297906405,105,3.9221048148434807,False,False,False,False,False,False,False,False,False
Movie 398,Science Fiction,27658609,68478410,1.4758443202982479,1,25.69636222503,151,8.177784278852853,False,False,False,False,False,False,False,False,False
Movie 399,Thriller,165241932,323109211,0.9553705714358266,1,71.99493627874716,84,4.596128260372811,False,False,False,False,False,False,False,False,False
Movie 400,Drama,83008891,182821858,1.2024370618323283,1,85.7571174023606,94,6.544895249373046,False,False,False,False,False,False,False,False,False
Movie 401,Romance,49715257,48434448,-0.025762896086406632,0,36.32010245070399,95,6.034637003215265,False,False,False,False,False,False,False,False,False
Movie 402,Thriller,23268806,47639866,1.0473704581146106,1,75.98898009962105,80,3.107928789434326,False,False,False,False,False,False,False,False,False
Movie 403,Horror,7512440,9831913,0.30875095175468953,1,30.212162577166627,95,8.596627679436569,False,False,False,False,False,False,False,False,False
Movie 404,Animation,13431395,34730342,1.585758366871051,1,30.586856390644048,116,3.469962330895311,False,False,False,False,False,False,False,False,False
Movie 405,Romance,30093907,62392102,1.0732469865079333,1,11.59866067686442,82,7.129313516446415,False,False,False,False,False,False,False,False,False
Movie 406,Drama,108219264,107909832,-0.0028593060843585113,0,44.56574660443047,131,7.710041017249573,False,False,False,False,False,False,False,False,False
Movie 407,Action,37253447,24644708,-0.33845831769607787,0,73.2414787432448,126,7.771727094286105,False,False,False,False,False,False,False,False,False
Movie 408,Thriller,63134783,38296487,-0.3934169853723897,0,94.0818597515572,174,3.8129671135730687,False,False,False,False,False,False,False,False,False
Movie 409,Animation,94560813,135082146,0.4285214108723875,1,60.77590220098051,92,5.685419703047833,False,False,False,False,False,False,False,False,False
Movie 410,Drama,197678031,230221338,0.16462783868987443,1,86.45041823583817,159,7.976573222603879,False,False,False,False,False,False,False,False,False
Movie 411,Adventure,65447435,138436070,1.1152252949256147,1,82.42697027973249,134,4.816075262272528,False,False,False,False,False,False,False,False,False
Movie 412,Romance,50895282,88981981,0.7483345705796463,1,18.16096224455281,100,5.8064920522479815,False,False,False,False,False,False,False,False,False
Movie 413,Thriller,110500886,128738857,0.16504818793941617,1,49.09592546235052,145,4.636763356199075,False,False,False,False,False,False,False,False,False
Movie 414,Animation,119613134,104433562,-0.1269055620597651,0,12.575430017013757,133,5.781308507311945,False,False,False,False,False,False,False,False,False
Movie 415,Action,3503771,2866082,-0.18200076431935763,0,68.53316299460187,106,8.327027535557281,False,False,False,False,False,False,False,False,False
Movie 416,Thriller,71286689,189740285,1.661650971052955,1,95.04006715636152,117,5.730745386196617,False,False,False,False,False,False,False,False,False
Movie 417,Romance,136213889,151019646,0.10869491436368871,1,14.571856349796894,169,6.335472102445922,False,False,False,False,False,False,False,False,False
Movie 418,Horror,5183839,11037827,1.1292765844000943,1,73.65442994945158,137,5.423857699818502,False,False,False,False,False,False,False,False,False
Movie 419,Romance,68775190,173775291,1.526714808057964,1,63.59157693591823,141,5.760703099219953,False,False,False,False,False,False,False,False,False
Movie 420,Adventure,155370901,316211367,1.0352032778647529,1,58.77689866380187,125,3.0910451942785304,False,False,False,False,False,False,False,False,False
Movie 421,Action,68227698,180729241,1.6489130704658979,1,39.621903234145584,168,4.702473059762736,False,False,False,False,False,False,False,False,False
Movie 422,Unknown,121680088,180206300,0.4809843004058314,1,36.15803312762744,90,5.6194903304509465,False,False,False,False,False,False,False,False,False
Movie 423,Comedy,130027769,375852479,1.8905554705010743,1,5.479669712869898,151,6.802781855956374,False,False,False,False,False,False,False,False,False
Movie 424,Drama,184157310,153377719,-0.16713749239712505,0,22.57296211694933,87,5.700311583323353,False,False,False,False,False,False,False,False,False
Movie 425,Horror,191442685,144610793,-0.2446261762365065,0,2.502511346395863,176,5.026902259929384,False,False,False,False,False,False,False,False,False
Movie 426,Unknown,157943484,339062073,1.1467303646410636,1,58.56029345262003,150,5.328592412064943,False,False,False,False,False,False,False,False,False
Movie 427,Science Fiction,114531029,327224066,1.8570778491826874,1,11.479470351912976,143,4.453759975202799,False,False,False,False,False,False,False,False,False
Movie 428,Romance,122690425,309450851,1.5222086483113901,1,87.42892000894189,100,8.546965696644317,False,False,False,False,False,False,False,False,False
Movie 429,Action,131997589,91215897,-0.30895785528325065,0,52.79115904901936,151,6.130459354745487,False,False,False,False,False,False,False,False,False
Movie 430,Action,2079600,2492232,0.1984189267166763,1,70.26930099681213,142,3.0804567232327384,False,False,False,False,False,False,False,False,False
Movie 431,Science Fiction,161409267,456109856,1.8257972077898106,1,41.67485209220915,164,3.11667755051728,False,False,False,False,False,False,False,False,False
Movie 432,Comedy,167793897,190051100,0.13264608187745947,1,56.49740109110382,143,8.837769809712249,False,False,False,False,False,False,False,False,False
Movie 433,Science Fiction,44381573,108864716,1.4529260375696913,1,94.32325851969642,99,4.32870534823947,False,False,False,False,False,False,False,False,False
Movie 434,Horror,160267818,410739250,1.5628304866545322,1,9.190669922743403,87,7.833649732885888,False,False,False,False,False,False,False,False,False
Movie 435,Comedy,9849851,17125248,0.7386301579587347,1,26.13983942044592,137,3.349651809363447,False,False,False,False,False,False,False,False,False
Movie 436,Thriller,61779108,90560281,0.46587226542668764,1,78.21884436414389,125,8.526976420167294,False,False,False,False,False,False,False,False,False
Movie 437,Action,96534048,156897857,0.6253110715920667,1,10.77498348138392,110,8.24650202200007,False,False,False,False,False,False,False,False,False
Movie 438,Adventure,67009351,71526567,0.06741172586494681,1,8.490449286506975,172,6.426558974607088,False,False,False,False,False,False,False,False,False
Movie 439,Action,86871668,236593014,1.723477279151587,1,36.792598476649815,88,3.0539919436995344,False,False,False,False,False,False,False,False,False
Movie 440,Science Fiction,93526139,152124861,0.6265491404493881,1,10.1246278887708,94,4.546865244140026,False,False,False,False,False,False,False,False,False
Movie 441,Animation,122637867,331876292,1.7061485992739909,1,58.9227657784141,173,5.44093588439079,False,False,False,False,False,False,False,False,False
Movie 442,Drama,120193195,91855690,-0.2357663010788589,0,23.401249830843383,105,5.76038470048537,False,False,False,False,False,False,False,False,False
Movie 443,Comedy,85890726,255154564,1.9706881741807607,1,89.67409835673786,89,4.786072551374232,False,False,False,False,False,False,False,False,False
Movie 444,Science Fiction,99129091,159417691,0.6081827180277483,1,78.56650800368041,108,3.19768720947318,False,False,False,False,False,False,False,False,False
Movie 445,Science Fiction,127800645,79182346,-0.3804229548293751,0,70.27081540384815,159,6.540764435559253,False,False,False,False,False,False,False,False,False
Movie 446,Drama,30549535,18178641,-0.404945410789395,0,62.07745871106569,115,6.144928006168536,False,False,False,False,False,False,False,False,False
Movie 447,Horror,135667123,320923040,1.3655181366232703,1,86.48310730380487,163,4.698003812574466,False,False,False,False,False,False,False,False,False
Movie 448,Drama,157138845,337469629,1.1475888345749263,1,23.08314409273293,116,3.227855805417639,False,False,False,False,False,False,False,False,False
Movie 449,Unknown,175526510,439751198,1.5053263920076803,1,87.43777543365853,165,8.96756512333164,False,False,False,False,False,False,False,False,False
Movie 450,Action,52592034,40149749,-0.2365811712093128,0,79.15973754398118,150,5.891917120958436,False,False,False,False,False,False,False,False,False
Movie 451,Romance,54386038,32029415,-0.4110728382163084,0,75.06792181238087,102,7.536025450644463,False,False,False,False,False,False,False,False,False
Movie 452,Unknown,58351079,103365915,0.7714482194922222,1,56.56431212941748,120,5.713884210308013,False,False,False,False,False,False,False,False,False
Movie 453,Adventure,166748531,244951604,0.4689880776221051,1,25.37817193608941,172,3.2590217451776486,False,False,False,False,False,False,False,False,False
Movie 454,Science Fiction,34266319,56706212,0.6548673348893997,1,42.931243683197735,159,4.857604470513,False,False,False,False,False,False,False,False,False
Movie 455,Science Fiction,165720908,493677782,1.978971017947838,1,79.56349479934136,107,4.920660846035407,False,False,False,False,False,False,False,False,False
Movie 456,Horror,138597297,405656948,1.9268748870333308,1,4.14606995137512,127,8.030117424294096,False,False,False,False,False,False,False,False,False
Movie 457,Thriller,71009467,202788017,1.8557884683178933,1,78.42302615711206,117,6.925379867999246,False,False,False,False,False,False,False,False,False
Movie 458,Science Fiction,117372585,288690395,1.4596066875412175,1,24.76700330826908,110,4.652579421836837,False,False,False,False,False,False,False,False,False
Movie 459,Animation,45910237,63682245,0.3871033817577548,1,15.2866108714387,93,8.806439727954515,False,False,False,False,False,False,False,False,False
Movie 460,Adventure,177383634,271455022,0.5303273243347805,1,12.454430499849911,176,4.929250994387228,False,False,False,False,False,False,False,False,False
Movie 461,Unknown,195073232,365575061,0.8740401092037067,1,3.697751183130696,152,8.989404154972322,False,False,False,False,False,False,False,False,False
Movie 462,Romance,103310007,266161304,1.5763361336332113,1,52.83506203692384,170,8.97698215902158,False,False,False,False,False,False,False,False,False
Movie 463,Comedy,90473854,60778713,-0.32821792912679504,0,22.60772739667922,167,4.147263106480451,False,False,False,False,False,False,False,False,False
Movie 464,Adventure,7319707,11424175,0.5607421171366559,1,98.95374481218352,156,4.876446697130401,False,False,False,False,False,False,False,False,False
Movie 465,Romance,69532150,49127534,-0.29345584740296393,0,57.86923883134837,169,5.916265190907925,False,False,False,False,False,False,False,False,False
Movie 466,Science Fiction,4695961,8390010,0.7866438839675202,1,14.650641666245033,108,6.984604026887346,False,False,False,False,False,False,False,False,False
Movie 467,Thriller,109880612,301869737,1.7472520538928196,1,69.18749154032517,130,6.168284694022796,False,False,False,False,False,False,False,False,False
Movie 468,Adventure,109011636,267755722,1.4562123074641316,1,89.8766130844628,128,8.816648814793542,False,False,False,False,False,False,False,False,False
Movie 469,Romance,79911293,85473601,0.06960603177826193,1,74.77277004159183,122,7.343934985414149,False,False,False,False,False,False,False,False,False
Movie 470,Action,101846358,299425962,1.9399771172966245,1,8.567546242905319,171,4.272269096297847,False,False,False,False,False,False,False,False,False
Movie 471,Thriller,37396424,81089508,1.1683759923141315,1,89.6925339380733,171,3.6305853012818297,False,False,False,False,False,False,False,False,False
Movie 472,Horror,5294539,2785294,-0.4739307803757796,0,79.5990092001365,151,7.13040774425614,False,False,False,False,False,False,False,False,False
Movie 473,Action,146826804,167167266,0.13853371077940238,1,16.672086110455822,166,3.950714641084578,False,False,False,False,False,False,False,False,False
Movie 474,Comedy,173716665,200083944,0.1517832442845941,1,6.12680298454887,172,7.726061042014525,False,False,False,False,False,False,False,False,False
Movie 475,Unknown,136021056,91560637,-0.32686423931306635,0,56.17374695611654,84,4.866220003562022,False,False,False,False,False,False,False,False,False
Movie 476,Science Fiction,21840174,63327032,1.8995662763492636,1,16.447545322657714,121,4.961359578333639,False,False,False,False,False,False,False,False,False
Movie 477,Action,2043233,3464584,0.695638236069993,1,83.62450430693194,86,3.064790354337072,False,False,False,False,False,False,False,False,False
Movie 478,Comedy,135747253,371884553,1.7395364899207206,1,36.4751310104957,121,7.206067602570244,False,False,False,False,False,False,False,False,False
Movie 479,Thriller,117376111,153239062,0.3055387565192035,1,91.37635202892096,115,3.6796185183881143,False,False,False,False,False,False,False,False,False
Movie 480,Thriller,152171559,123728248,-0.1869160780563469,0,57.00312904195957,106,7.637283464781109,False,False,False,False,False,False,False,False,False
Movie 481,Adventure,129565108,218426077,0.6858402726758812,1,19.084566039727147,137,5.951206931503241,False,False,False,False,False,False,False,False,False
Movie 482,Animation,57996736,45521150,-0.21510841575636255,0,14.820287868620207,125,7.705678889727414,False,False,False,False,False,False,False,False,False
Movie 483,Comedy,75583311,129628307,0.7150387471117797,1,58.07077131821764,145,6.503559235186447,False,False,False,False,False,False,False,False,False
Movie 484,Adventure,72709884,203641695,1.800742949885603,1,76.42647757438195,104,3.4945996321139443,False,False,False,False,False,False,False,False,False
Movie 485,Science Fiction,138917119,250317584,0.8019203522353497,1,78.36905912647603,152,7.593914020231098,False,False,False,False,False,False,False,False,False
Movie 486,Unknown,183704988,374987681,1.0412493154513585,1,28.299983039686847,106,3.4187969093684982,False,False,False,False,False,False,False,False,False
Movie 487,Thriller,192555830,171682025,-0.10840391069956179,0,21.22042913230458,80,5.8722103234159935,False,False,False,False,False,False,False,False,False
Movie 488,Animation,16192217,9866550,-0.39066095766873676,0,2.658874144745859,166,4.03409528486978,False,False,False,False,False,False,False,False,False
Movie 489,Action,187713743,145857314,-0.222980099011717,0,68.24071596891577,153,7.51401106786731,False,False,False,False,False,False,False,False,False
Movie 490,Science Fiction,145510386,290486594,0.9963289355853953,1,8.580257584920359,121,8.46954736683676,False,False,False,False,False,False,False,False,False
Movie 491,Drama,34698788,25591371,-0.262470752580753,0,42.655358974826655,131,6.324756980149646,False,False,False,False,False,False,False,False,False
Movie 492,Comedy,62819576,90459072,0.4399822119143243,1,60.56653423781131,104,6.162883765795083,False,False,False,False,False,False,False,False,False
Movie 493,Unknown,127184732,238500606,0.8752298507025199,1,93.77378554704802,133,7.583779177953708,False,False,False,False,False,False,False,False,False
Movie 494,Science Fiction,126838555,186659675,0.4716319891849919,1,31.86841155862109,146,3.030472877854363,False,False,False,False,False,False,False,False,False
Movie 495,Comedy,198579844,180550681,-0.09079049835490857,0,25.72744408220546,85,8.506551855810965,False,False,False,False,False,False,False,False,False
Movie 496,Adventure,136965742,162232944,0.18447826172474574,1,65.76185527432375,137,4.18469290254679,False,False,False,False,False,False,False,False,False
Movie 497,Action,175928880,496259099,1.8207938287335201,1,62.30466417330459,149,8.904713302957424,False,False,False,False,False,False,False,False,False
Movie 498,Horror,185514285,406268063,1.189955684544724,1,33.87886854750433,132,7.417523687762773,False,False,False,False,False,False,False,False,False
Movie 499,Romance,181433853,315716603,0.7401195960932384,1,92.88208171546889,145,7.645506886204027,False,False,False,False,False,False,False,False,False
Movie 500,Romance,70397491,37436486,-0.46821278048105436,0,84.64137042147364,137,6.937217882241639,False,False,False,False,False,False,False,False,False
Movie 501,Horror,158512907,472533078,1.9810384967578696,1,23.174272040643032,161,5.829979096710962,False,False,False,False,False,False,False,False,False
Movie 502,Thriller,74706383,162758115,1.1786373327698116,1,24.675111998017798,166,6.429766160166993,False,False,False,False,False,False,False,False,False
Movie 503,Science Fiction,152759065,197411485,0.29230618817940524,1,51.71773434182098,81,3.2784173160907537,False,False,False,False,False,False,False,False,False
Movie 504,Horror,58399769,157572601,1.6981716485899114,1,77.58363807134131,155,6.743757056592086,False,False,False,False,False,False,False,False,False
Movie 505,Science Fiction,155497574,178212512,0.1460790507252544,1,5.359997559457975,101,6.756588611922281,False,False,False,False,False,False,False,False,False
Movie 506,Horror,146188451,271916578,0.8600414474601691,1,69.64018021973595,116,8.347204784410856,False,False,False,False,False,False,False,False,False
Movie 507,Horror,117710653,246036088,1.090176901830627,1,65.1753538408276,99,6.033938144581317,False,False,False,False,False,False,False,False,False
Movie 508,Adventure,107402148,113057776,0.052658425416221656,1,23.916529495385834,103,3.4628662445163663,False,False,False,False,False,False,False,False,False
Movie 509,Adventure,101952086,300350151,1.9459931893889841,1,68.45394831089352,163,4.837175522892487,False,False,False,False,False,False,False,False,False
Movie 510,Action,51018037,120937224,1.3704797579726558,1,94.07813593395618,144,6.933776472685905,False,False,False,False,False,False,False,False,False
Movie 511,Unknown,44351876,84026095,0.8945330519953655,1,5.631798652205084,144,4.435553176508783,False,False,False,False,False,False,False,False,False
Movie 512,Thriller,51166883,48684598,-0.04851350823930393,0,32.64555347391419,160,4.683166931132406,False,False,False,False,False,False,False,False,False
Movie 513,Horror,195579233,124123483,-0.36535448525866754,0,44.37949494996917,80,7.922814098165121,False,False,False,False,False,False,False,False,False
Movie 514,Comedy,47787763,62131240,0.3001495801341444,1,90.02677553354427,173,6.505918390576254,False,False,False,False,False,False,False,False,False
Movie 515,Adventure,66732489,159021408,1.3829683319619623,1,96.26388321430652,82,6.051164590641435,False,False,False,False,False,False,False,False,False
Movie 516,Animation,4693305,5506787,0.1733281770522052,1,44.9674094031369,125,4.910711800834826,False,False,False,False,False,False,False,False,False
Movie 517,Drama,14470137,26753699,0.848890511541114,1,75.25281280207693,134,7.3855682155982,False,False,False,False,False,False,False,False,False
Movie 518,Unknown,5466271,12681026,1.3198677855525276,1,53.634441352683815,154,4.726310606940176,False,False,False,False,False,False,False,False,False
Movie 519,Comedy,189934912,146223155,-0.23014071788971582,0,54.24051053939628,167,7.4223811058650515,False,False,False,False,False,False,False,False,False
Movie 520,Thriller,170124855,376527991,1.2132450370053218,1,28.531851991569287,165,3.420608881604652,False,False,False,False,False,False,False,False,False
Movie 521,Drama,145713028,106323477,-0.2703227812958495,0,22.478668340524077,143,8.187248049492503,False,False,False,False,False,False,False,False,False
Movie 522,Drama,163927107,477490869,1.9128243506426303,1,29.512529246480074,124,5.997398780255597,False,False,False,False,False,False,False,False,False
Movie 523,Horror,35654999,61361730,0.7209853238251388,1,56.07647271845085,105,5.63104810019382,False,False,False,False,False,False,False,False,False
Movie 524,Science Fiction,28451727,24943352,-0.1233097379290895,0,3.8863634161868106,156,6.666140469251547,False,False,False,False,False,False,False,False,False
Movie 525,Science Fiction,75815222,102802339,0.3559590843115911,1,90.81764549128415,144,6.745152437377623,False,False,False,False,False,False,False,False,False
Movie 526,Thriller,29997889,46002996,0.5335411101761194,1,16.472087245427844,103,3.792211061339973,False,False,False,False,False,False,False,False,False
Movie 527,Unknown,114865200,275155282,1.3954625247681631,1,22.78877901026727,153,7.53740153889728,False,False,False,False,False,False,False,False,False
Movie 528,Unknown,100967871,238138727,1.3585594569979593,1,52.30934146831699,114,4.655569787700378,False,False,False,False,False,False,False,False,False
Movie 529,Drama,49978079,101448066,1.0298512473838781,1,71.30136186739065,103,8.429771281019484,False,False,False,False,False,False,False,False,False
Movie 530,Horror,12726298,9733413,-0.23517326091216786,0,10.477176419695333,107,7.907103980488995,False,False,False,False,False,False,False,False,False
Movie 531,Unknown,56723671,49855763,-0.1210765784182057,0,32.45177505716906,179,5.077596249208491,False,False,False,False,False,False,False,False,False
Movie 532,Animation,57564401,42274852,-0.2656077147402263,0,96.89878595186136,159,7.846435759204287,False,False,False,False,False,False,False,False,False
Movie 533,Comedy,47673570,92626502,0.9429319432129795,1,26.971953711313624,95,5.138342995799425,False,False,False,False,False,False,False,False,False
Movie 534,Romance,79547323,214208698,1.6928460936391285,1,31.99196436125154,138,3.605686089816244,False,False,False,False,False,False,False,False,False
Movie 535,Science Fiction,16033888,25405716,0.5845012762968034,1,83.81335057118531,160,8.771329432354248,False,False,False,False,False,False,False,False,False
Movie 536,Unknown,90132960,81310785,-0.09787956592127896,0,5.97122873735507,133,6.91561209129264,False,False,False,False,False,False,False,False,False
Movie 537,Action,196922610,373189182,0.8951058083172877,1,46.99670371208811,158,5.73659715997555,False,False,False,False,False,False,False,False,False
Movie 538,Action,35958762,90953392,1.5293805164927536,1,38.58205968071535,95,5.386640109186238,False,False,False,False,False,False,False,False,False
Movie 539,Science Fiction,18028708,42444629,1.3542801292250115,1,32.34208923095646,94,4.948232005549584,False,False,False,False,False,False,False,False,False
Movie 540,Action,5035851,13615062,1.7036268547262419,1,29.28425981043169,177,8.888685572574776,False,False,False,False,False,False,False,False,False
Movie 541,Adventure,48685442,58167187,0.19475524120742296,1,10.04603638118051,90,3.808483590785445,False,False,False,False,False,False,False,False,False
Movie 542,Adventure,35045504,34515779,-0.01511534831971599,0,32.16775710581324,144,4.88883035352341,False,False,False,False,False,False,False,False,False
Movie 543,Action,102750176,277378334,1.6995412056520467,1,5.262187868851188,158,5.912985841695981,False,False,False,False,False,False,False,False,False
Movie 544,Adventure,114751207,246015202,1.1439007783159962,1,78.31542250079909,169,5.867997270325868,False,False,False,False,False,False,False,False,False
Movie 545,Adventure,131355017,167782695,0.27732231955784375,1,40.42455160184316,147,5.828198906447061,False,False,False,False,False,False,False,False,False
Movie 546,Science Fiction,83396202,196470620,1.3558701150443278,1,44.94647939967125,122,4.054702894982291,False,False,False,False,False,False,False,False,False
Movie 547,Adventure,36610155,92909103,1.5377959475997849,1,89.46586405856303,148,3.8695951626570033,False,False,False,False,False,False,False,False,False
Movie 548,Animation,103912284,211715625,1.037445592091884,1,66.14744340226085,178,4.52860551797172,False,False,False,False,False,False,False,False,False
Movie 549,Science Fiction,30469068,67632503,1.2197102648495846,1,1.797851230869859,92,8.487156922812336,False,False,False,False,False,False,False,False,False
Movie 550,Action,117346891,168762403,0.43814975890584096,1,94.3743074731672,89,3.678317807007061,False,False,False,False,False,False,False,False,False
Movie 551,Romance,165402782,305455796,0.8467391679058941,1,24.47730213179341,154,7.544550620239949,False,False,False,False,False,False,False,False,False
Movie 552,Thriller,10702701,19376147,0.8103978612501648,1,11.653804291226026,161,7.545290358800228,False,False,False,False,False,False,False,False,False
Movie 553,Action,79262145,207676289,1.6201194656036624,1,77.04468965970734,177,7.858622423383574,False,False,False,False,False,False,False,False,False
Movie 554,Horror,168345404,437682891,1.5999099506155807,1,50.5472542708051,120,8.319692933936132,False,False,False,False,False,False,False,False,False
Movie 555,Action,138193970,356775534,1.5817011697398953,1,43.943286035783736,129,4.578217065233582,False,False,False,False,False,False,False,False,False
Movie 556,Thriller,104312086,55032869,-0.47242097142990697,0,25.700804888591435,166,4.347356815613378,False,False,False,False,False,False,False,False,False
Movie 557,Action,38317456,90960418,1.3738637032688183,1,55.199677496369546,150,5.793033999164878,False,False,False,False,False,False,False,False,False
Movie 558,Romance,132952729,318646605,1.3966909697656527,1,28.16407591505616,138,4.590535012512217,False,False,False,False,False,False,False,False,False
Movie 559,Animation,28812615,63270977,1.195947053052977,1,90.2567175234197,118,7.405859933898645,False,False,False,False,False,False,False,False,False
Movie 560,Romance,45653148,109141229,1.3906616253494721,1,22.305243493586087,82,6.815637460448602,False,False,False,False,False,False,False,False,False
Movie 561,Comedy,140050905,364822233,1.6049259231848592,1,88.5511598951196,155,8.24992612831591,False,False,False,False,False,False,False,False,False
Movie 562,Horror,100952217,169175486,0.6757976300807738,1,56.38113714700834,86,3.4964298209224296,False,False,False,False,False,False,False,False,False
Movie 563,Drama,121794109,213763950,0.755125529100919,1,83.02032525562886,128,8.49050000014845,False,False,False,False,False,False,False,False,False
Movie 564,Comedy,9454561,7675072,-0.1882148732236219,0,71.57175359023455,105,4.760091760020537,False,False,False,False,False,False,False,False,False
Movie 565,Animation,46932658,68683115,0.4634397011991096,1,69.97281603223811,112,5.944166075561904,False,False,False,False,False,False,False,False,False
Movie 566,Unknown,137815208,290571369,1.1084129481559104,1,33.11023496181052,127,5.631668615637862,False,False,False,False,False,False,False,False,False
Movie 567,Horror,24151417,59195109,1.4509994175497032,1,24.155796215748143,158,7.561869906626543,False,False,False,False,False,False,False,False,False
Movie 568,Action,40673332,42423210,0.04302273538838667,1,21.877736540398026,81,5.521999856591055,False,False,False,False,False,False,False,False,False
Movie 569,Action,154917041,130836309,-0.155442757262579,0,85.86197404889928,150,8.661318873896455,False,False,False,False,False,False,False,False,False
Movie 570,Horror,17934380,38695308,1.157605002235929,1,82.22225520564298,111,8.415203295831454,False,False,False,False,False,False,False,False,False
Movie 571,Science Fiction,11617244,5863219,-0.49530034834423725,0,44.61677927321843,83,8.232966911817039,False,False,False,False,False,False,False,False,False
Movie 572,Romance,169303991,160149971,-0.054068542306247226,0,14.108056736149006,99,3.427549995889368,False,False,False,False,False,False,False,False,False
Movie 573,Science Fiction,185451800,106204249,-0.4273215520151328,0,38.84297294576838,115,8.125548369323637,False,False,False,False,False,False,False,False,False
Movie 574,Drama,130195004,119416523,-0.08278720894697311,0,62.31500195955423,111,7.689812672659263,False,False,False,False,False,False,False,False,False
Movie 575,Comedy,138587448,132115164,-0.04670180520244517,0,45.98591229351533,107,3.621077682036786,False,False,False,False,False,False,False,False,False
Movie 576,Thriller,3640328,5348311,0.4691838207985654,1,78.2387375798165,156,3.644485952617331,False,False,False,False,False,False,False,False,False
Movie 577,Horror,26856919,40441626,0.5058177745555996,1,99.76465940288716,80,3.606982869105247,False,False,False,False,False,False,False,False,False
Movie 578,Animation,58658082,157535440,1.685656172665175,1,19.922076756440788,139,3.067995559226925,False,False,False,False,False,False,False,False,False
Movie 579,Drama,190613154,338390629,0.7752742761918728,1,46.50543114629768,135,6.291805831167501,False,False,False,False,False,False,False,False,False
Movie 580,Adventure,162566703,375287170,1.3085119097236044,1,43.66740629016138,114,8.84036574861626,False,False,False,False,False,False,False,False,False
Movie 581,Comedy,12552291,9544051,-0.23965664913281567,0,31.144760742146133,109,5.632108217398761,False,False,False,False,False,False,False,False,False
Movie 582,Unknown,1070640,1138729,0.06359654038705821,1,20.61145615530867,133,6.2445450113241385,False,False,False,False,False,False,False,False,False
Movie 583,Thriller,114442790,258338416,1.2573585981257536,1,7.503519532476263,115,8.807818780619733,False,False,False,False,False,False,False,False,False
Movie 584,Romance,78498463,49611805,-0.36799010956431083,0,88.82481240514615,134,4.531093372645384,False,False,False,False,False,False,False,False,False
Movie 585,Comedy,122562775,210378286,0.7164941475908978,1,42.56502107094544,168,8.150821515589577,False,False,False,False,False,False,False,False,False
Movie 586,Animation,198193764,396074860,0.9984224125235343,1,50.19265633150484,159,6.278342803270417,False,False,False,False,False,False,False,False,False
Movie 587,Animation,4741196,9507824,1.0053640473838246,1,91.77726277189066,137,6.4168590879780645,False,False,False,False,False,False,False,False,False
Movie 588,Adventure,20511512,11431722,-0.4426680002917386,0,77.85275727407884,162,5.059043143243701,False,False,False,False,False,False,False,False,False
Movie 589,Animation,175478184,229046411,0.30527001008854754,1,13.919625147601238,144,6.3695061658014485,False,False,False,False,False,False,False,False,False
Movie 590,Comedy,12720477,26601400,1.091226610448649,1,56.976576793166494,148,3.438855056869704,False,False,False,False,False,False,False,False,False
Movie 591,Animation,119338832,104123052,-0.12750066131031013,0,44.78297537543635,130,7.587861435684673,False,False,False,False,False,False,False,False,False
Movie 592,Comedy,148435376,332278396,1.2385391202161944,1,79.92389618529752,101,4.70812656926563,False,False,False,False,False,False,False,False,False
Movie 593,Unknown,23558781,55712112,1.3648130181268716,1,72.69902221358298,167,8.32564997696373,False,False,False,False,False,False,False,False,False
Movie 594,Drama,60946863,180093285,1.9549229629751412,1,69.35016646919613,132,5.207104167644751,False,False,False,False,False,False,False,False,False
Movie 595,Adventure,63784216,65353625,0.024604974371716038,1,34.713938712509794,179,3.856944662921296,False,False,False,False,False,False,False,False,False
Movie 596,Comedy,33425301,85663252,1.5628266444032919,1,80.6914093095262,115,7.175289446210909,False,False,False,False,False,False,False,False,False
Movie 597,Horror,89146618,160530009,0.8007414369886696,1,6.186738263891261,147,3.987468868281017,False,False,False,False,False,False,False,False,False
Movie 598,Romance,161996370,232247147,0.43365648872255597,1,16.802865241784556,115,7.522083093257942,False,False,False,False,False,False,False,False,False
Movie 599,Adventure,61995760,49964980,-0.1940581097804108,0,34.22670402481326,131,8.8086734184367,False,False,False,False,False,False,False,False,False
Movie 600,Drama,47547339,111202005,1.3387640052790335,1,8.603936665858846,132,7.67731721277157,False,False,False,False,False,False,False,False,False
Movie 601,Unknown,91372540,99563539,0.08964398932108049,1,24.264433475934467,161,3.134695490587948,False,False,False,False,False,False,False,False,False
Movie 602,Drama,131489576,187840091,0.4285549981543784,1,83.1849473167939,129,6.599314728316648,False,False,False,False,False,False,False,False,False
Movie 603,Unknown,149791186,98316278,-0.34364443846515774,0,94.87690224121783,159,7.172464025818346,False,False,False,False,False,False,False,False,False
Movie 604,Adventure,124637835,312020511,1.5034172889797066,1,31.15563322164486,120,7.952749954777711,False,False,False,False,False,False,False,False,False
Movie 605,Horror,183128904,442525742,1.416471307008969,1,27.187064594894984,97,3.336013853634001,False,False,False,False,False,False,False,False,False
Movie 606,Unknown,30264326,70638134,1.334039555349754,1,28.709372572396266,101,5.880646967713718,False,False,False,False,False,False,False,False,False
Movie 607,Action,83896667,104754114,0.24860876773567178,1,28.49418964773354,145,6.212225235830366,False,False,False,False,False,False,False,False,False
Movie 608,Comedy,54953229,51309840,-0.0662998165221556,0,4.557088036411326,100,4.014749175865068,False,False,False,False,False,False,False,False,False
Movie 609,Thriller,57294783,119968581,1.0938831551207726,1,92.7647182867797,179,4.934698858263898,False,False,False,False,False,False,False,False,False
Movie 610,Thriller,194363507,338273349,0.7404159567876083,1,22.156116015462512,123,5.641330357536991,False,False,False,False,False,False,False,False,False
Movie 611,Comedy,47977874,45369372,-0.05436885344273487,0,42.58040333405909,126,7.999258127746809,False,False,False,False,False,False,False,False,False
Movie 612,Drama,30365614,67253099,1.2147781698074671,1,1.9590013913558064,118,8.576445396421242,False,False,False,False,False,False,False,False,False
Movie 613,Adventure,90268367,268802594,1.9778160714926858,1,85.93755400059067,108,6.770536973506037,False,False,False,False,False,False,False,False,False
Movie 614,Unknown,48010676,113691631,1.368048952278864,1,73.3845771010368,133,5.369671116128773,False,False,False,False,False,False,False,False,False
Movie 615,Drama,126430852,297108199,1.349965964003786,1,94.7288474821966,169,4.524186106793916,False,False,False,False,False,False,False,False,False
Movie 616,Thriller,186588834,536588788,1.875781880924343,1,78.37993244044351,164,8.892811106616904,False,False,False,False,False,False,False,False,False
Movie 617,Adventure,172544971,173811609,0.007340915198276048,1,32.05694469315446,96,8.89811998845815,False,False,False,False,False,False,False,False,False
Movie 618,Action,70426200,134786937,0.9138749073498215,1,25.53946251411394,159,8.549861689410209,False,False,False,False,False,False,False,False,False
Movie 619,Adventure,109352980,322494709,1.9491167867578918,1,70.073914447776,139,7.714014899266916,False,False,False,False,False,False,False,False,False
Movie 620,Horror,11198499,10226864,-0.0867647530262761,0,37.04716472603944,110,4.95467726247371,False,False,False,False,False,False,False,False,False
Movie 621,Action,38342772,86295389,1.2506298970768206,1,57.05528655950904,152,7.902002900985784,False,False,False,False,False,False,False,False,False
Movie 622,Romance,179580630,352790702,0.9645253611149488,1,1.6194896316205527,174,5.452758103627035,False,False,False,False,False,False,False,False,False
Movie 623,Romance,135415503,266253654,0.966197725529255,1,7.126684466367049,157,4.960638588930271,False,False,False,False,False,False,False,False,False
Movie 624,Adventure,171158648,384110227,1.2441765665267466,1,54.00142617698347,128,7.469192150797677,False,False,False,False,False,False,False,False,False
Movie 625,Comedy,124291756,351005177,1.8240423041412337,1,57.04109299836834,81,3.4779235657225374,False,False,False,False,False,False,False,False,False
Movie 626,Horror,158832377,390164562,1.4564548448456451,1,75.39384150147502,127,3.2913763397739704,False,False,False,False,False,False,False,False,False
Movie 627,Action,18310852,11725175,-0.35965977989445824,0,14.064566642772212,93,5.687722183087113,False,False,False,False,False,False,False,False,False
Movie 628,Unknown,55564054,146234591,1.631820043224348,1,51.8051252919211,138,5.673832804932971,False,False,False,False,False,False,False,False,False
Movie 629,Animation,198206748,210862907,0.06385332047322627,1,20.25031679873717,176,8.37386491838301,False,False,False,False,False,False,False,False,False
Movie 630,Action,165991210,239406700,0.44228540776345926,1,10.226415836706774,178,3.7569185777269007,False,False,False,False,False,False,False,False,False
Movie 631,Action,79733130,131905071,0.6543320323684771,1,41.639083611994906,137,3.739703564714477,False,False,False,False,False,False,False,False,False
Movie 632,Horror,134796590,229459517,0.702264997949874,1,17.170328160816666,137,3.884715602849407,False,False,False,False,False,False,False,False,False
Movie 633,Science Fiction,78273675,124294760,0.5879509937408713,1,22.95641584103954,130,3.178417567767616,False,False,False,False,False,False,False,False,False
Movie 634,Horror,3276360,9315947,1.8433832057527255,1,32.43790340708067,163,3.43039042688945,False,False,False,False,False,False,False,False,False
Movie 635,Science Fiction,50437769,114243943,1.2650475083463744,1,26.679451673576427,81,6.959219200974234,False,False,False,False,False,False,False,False,False
Movie 636,Animation,106071545,220408886,1.07792661076069,1,9.671538443188693,120,5.589505974705055,False,False,False,False,False,False,False,False,False
Movie 637,Animation,166883132,104236050,-0.37539493206539293,0,9.901708241110526,162,7.581618402528082,False,False,False,False,False,False,False,False,False
Movie 638,Comedy,112586533,310714436,1.7597833215096872,1,20.131692108182648,161,8.955586311489961,False,False,False,False,False,False,False,False,False
Movie 639,Horror,93800518,260153436,1.7734754727047457,1,6.0053596079943565,95,6.954208086594008,False,False,False,False,False,False,False,False,False
Movie 640,Action,58849484,144212582,1.4505326503797382,1,63.01924494801579,83,3.3027334237207424,False,False,False,False,False,False,False,False,False
Movie 641,Science Fiction,151652071,78491018,-0.4824269956722187,0,29.445344934381293,91,3.627377188526049,False,False,False,False,False,False,False,False,False
Movie 642,Romance,45079273,28995016,-0.35679938760325614,0,28.694850809138032,108,8.286024508888246,False,False,False,False,False,False,False,False,False
Movie 643,Horror,93992904,99920026,0.0630592496642087,1,33.86783112953875,86,6.1649756673495695,False,False,False,False,False,False,False,False,False
Movie 644,Unknown,41201137,34129930,-0.17162650147252004,0,66.61683114676244,93,7.94902295637444,False,False,False,False,False,False,False,False,False
Movie 645,Action,73571674,110143422,0.4970900621345112,1,87.19275426686556,91,8.139674017349556,False,False,False,False,False,False,False,False,False
Movie 646,Drama,81497273,228726794,1.8065576378242743,1,76.1496063230082,178,8.566047248997116,False,False,False,False,False,False,False,False,False
Movie 647,Action,93792001,157584732,0.6801510823934762,1,73.0253937922844,84,8.698975232918194,False,False,False,False,False,False,False,False,False
Movie 648,Action,81954884,43723468,-0.46649344290451317,0,48.95472737448408,160,6.3289547790198375,False,False,False,False,False,False,False,False,False
Movie 649,Thriller,58235484,70282322,0.20686422044676403,1,69.68675013977376,111,5.0461210335362034,False,False,False,False,False,False,False,False,False
Movie 650,Thriller,96939748,59277421,-0.38851273886125637,0,55.72347443532473,153,8.771189246087992,False,False,False,False,False,False,False,False,False
Movie 651,Romance,197400549,116608266,-0.40928094379311986,0,22.40880229046636,122,6.284438436007352,False,False,False,False,False,False,False,False,False
Movie 652,Romance,81768647,97247421,0.1892996223846042,1,21.65024840636402,160,3.3855163377276662,False,False,False,False,False,False,False,False,False
Movie 653,Thriller,24020885,28561573,0.18903083712361138,1,30.34280868065306,148,6.856659300359191,False,False,False,False,False,False,False,False,False
Movie 654,Thriller,2286643,5643015,1.4678163578660945,1,91.16946442601152,124,6.5261085023700645,False,False,False,False,False,False,False,False,False
Movie 655,Thriller,42869822,125912381,1.937086629377654,1,55.19406919759286,88,8.374757237368236,False,False,False,False,False,False,False,False,False
Movie 656,Adventure,141418374,201947946,0.428017734102925,1,73.65663232318508,128,6.919123134946875,False,False,False,False,False,False,False,False,False
Movie 657,Romance,127223660,200023226,0.5722171960781509,1,35.309317221838214,112,5.094314546769308,False,False,False,False,False,False,False,False,False
Movie 658,Romance,15509187,40509586,1.6119735354277436,1,41.3638612958573,179,8.797354354234923,False,False,False,False,False,False,False,False,False
Movie 659,Science Fiction,162998627,190765043,0.170347545320121,1,13.430992285087886,179,7.809716915892201,False,False,False,False,False,False,False,False,False
Movie 660,Unknown,6409861,5710894,-0.10904557836745601,0,17.958200824345365,97,6.782505710288126,False,False,False,False,False,False,False,False,False
Movie 661,Science Fiction,89825083,236484657,1.6327240577111406,1,82.90829892778841,88,4.757551220418737,False,False,False,False,False,False,False,False,False
Movie 662,Romance,91197406,56200535,-0.3837485355668998,0,58.89902453719933,141,5.241241777885773,False,False,False,False,False,False,False,False,False
Movie 663,Adventure,190695762,390783023,1.049248598403566,1,34.41571412249807,136,7.01981954457994,False,False,False,False,False,False,False,False,False
Movie 664,Romance,117595132,224016623,0.9049821126949371,1,80.48226969055905,108,3.4318849107799303,False,False,False,False,False,False,False,False,False
Movie 665,Animation,13831595,18877376,0.3648010948845741,1,25.405470658160315,157,4.540083549901581,False,False,False,False,False,False,False,False,False
Movie 666,Romance,76524262,98561244,0.28797379320038397,1,97.62723716142018,104,7.283405600379588,False,False,False,False,False,False,False,False,False
Movie 667,Science Fiction,135666073,329620303,1.4296443149791769,1,35.13694316687081,94,5.880111059067725,False,False,False,False,False,False,False,False,False
Movie 668,Drama,77246546,55313279,-0.28393848185781667,0,34.39378446097153,85,5.414361388886581,False,False,False,False,False,False,False,False,False
Movie 669,Drama,16814828,18361132,0.09196073846250465,1,31.879278648133816,121,3.908745734402487,False,False,False,False,False,False,False,False,False
Movie 670,Action,49763532,116004855,1.3311218142635053,1,13.089040076504505,108,5.651094206866396,False,False,False,False,False,False,False,False,False
Movie 671,Romance,130716977,244545511,0.8708014567992954,1,12.00257758586923,158,7.6241518245614035,False,False,False,False,False,False,False,False,False
Movie 672,Horror,134833947,110559861,-0.18002948471129454,0,65.16239841887821,172,4.584077076431358,False,False,False,False,False,False,False,False,False
Movie 673,Horror,39538877,106966067,1.705339026194396,1,87.63668641124666,83,3.0323912531020643,False,False,False,False,False,False,False,False,False
Movie 674,Adventure,74851335,111050908,0.48361960411260535,1,79.26153051689568,161,7.011029406905897,False,False,False,False,False,False,False,False,False
Movie 675,Unknown,45196734,116140733,1.569670919142078,1,14.969651808113758,136,8.835759626595316,False,False,False,False,False,False,False,False,False
Movie 676,Horror,104982440,259231305,1.4692825295354157,1,55.012630057414576,128,6.640959381531498,False,False,False,False,False,False,False,False,False
Movie 677,Action,90630668,186795572,1.061063612595242,1,11.45356305168736,123,3.719531153562781,False,False,False,False,False,False,False,False,False
Movie 678,Thriller,106967805,185717805,0.7362028228961041,1,5.484169717694667,159,4.924398554068039,False,False,False,False,False,False,False,False,False
Movie 679,Animation,109331512,322405192,1.9488770995868052,1,65.98220007909195,154,8.20584968832134,False,False,False,False,False,False,False,False,False
Movie 680,Science Fiction,173721659,149819761,-0.13758732294860251,0,53.98008103435468,93,4.395408445540971,False,False,False,False,False,False,False,False,False
Movie 681,Science Fiction,154382256,357069070,1.3128893128754382,1,9.120344835935615,82,6.6461754209856485,False,False,False,False,False,False,False,False,False
Movie 682,Science Fiction,88580056,86629235,-0.022023253180151522,0,4.458985394192856,141,5.416027249523987,False,False,False,False,False,False,False,False,False
Movie 683,Science Fiction,122848736,165312355,0.34565776077663507,1,98.98588492752413,143,4.247062328517894,False,False,False,False,False,False,False,False,False
Movie 684,Science Fiction,156030437,198431218,0.27174685795438747,1,3.972111882758116,124,7.880441361388078,False,False,False,False,False,False,False,False,False
Movie 685,Drama,111477445,319671603,1.8675899685357877,1,45.008297051965805,161,7.456987658794142,False,False,False,False,False,False,False,False,False
Movie 686,Science Fiction,53203051,155267275,1.9183904321577347,1,50.957283436161866,137,6.969546395755593,False,False,False,False,False,False,False,False,False
Movie 687,Drama,174519532,167109190,-0.042461390510719454,0,12.61073463224406,99,4.418019541612507,False,False,False,False,False,False,False,False,False
Movie 688,Animation,140066015,77748950,-0.444912100911845,0,17.73711606553191,137,3.5871420162987,False,False,False,False,False,False,False,False,False
Movie 689,Adventure,186370428,428655730,1.3000200976090477,1,35.8286956346249,168,6.456955978955797,False,False,False,False,False,False,False,False,False
Movie 690,Action,44750190,69137917,0.5449748258052088,1,76.4059117451526,136,6.3220670012366,False,False,False,False,False,False,False,False,False
Movie 691,Horror,70334164,50788342,-0.2778994003540015,0,51.201159981966406,156,4.130310056009238,False,False,False,False,False,False,False,False,False
Movie 692,Science Fiction,187404943,414049719,1.2093852615189558,1,64.15228558074318,147,3.337480165891035,False,False,False,False,False,False,False,False,False
Movie 693,Thriller,119975349,223485739,0.8627638165903564,1,98.5322809539768,157,3.484250725163916,False,False,False,False,False,False,False,False,False
Movie 694,Comedy,190475579,562149062,1.9512920498853032,1,77.03253809600776,176,8.956625919076401,False,False,False,False,False,True,False,False,False
Movie 695,Science Fiction,49518372,52911556,0.06852373902760778,1,44.00178831598056,171,7.701503368457303,False,False,False,False,False,False,False,False,False
Movie 696,Animation,13842659,20901649,0.5099446573089751,1,45.19775025785832,131,8.531924855791036,False,False,False,False,False,False,False,False,False
Movie 697,Drama,34978002,64931921,0.8563644944614046,1,62.2584356270595,116,4.17032833341818,False,False,False,False,False,False,False,False,False
Movie 698,Drama,137590867,341122153,1.4792499708574407,1,66.87115563347153,87,8.763411217940611,False,False,False,False,False,False,False,False,False
Movie 699,Comedy,56553464,105873550,0.8720966411535817,1,50.57038165783046,123,3.8559261088389727,False,False,False,False,False,False,False,False,False
Movie 700,Adventure,100204497,203640629,1.032250398901758,1,64.84126105868302,177,6.054490971398827,False,False,False,False,False,False,False,False,False
Movie 701,Thriller,178018926,189655601,0.06536762838351244,1,3.329716946995778,84,7.978174106502384,False,False,False,False,False,False,False,False,False
Movie 702,Adventure,19892008,52063289,1.6172968058327746,1,43.53266352578757,148,5.098820127069477,False,False,False,False,False,False,False,False,False
Movie 703,Drama,126881648,199404199,0.571576363825287,1,28.6148695312742,110,5.548971199061403,False,False,False,False,False,False,False,False,False
Movie 704,Action,36427853,31051067,-0.14760095798124584,0,13.788270079067928,124,3.769110661794587,False,False,False,False,False,False,False,False,False
Movie 705,Comedy,192100046,415026345,1.1604697845829772,1,10.855104768068738,88,3.7375312799938367,False,False,False,False,False,False,False,False,False
Movie 706,Comedy,74190814,77175223,0.04022612556859128,1,60.71602439585208,111,6.717409348671957,False,False,False,False,False,False,False,False,False
Movie 707,Comedy,11986868,8917106,-0.25609375192919454,0,52.83645416810856,112,7.05319421172034,False,False,False,False,False,False,False,False,False
Movie 708,Animation,41480309,110128862,1.654967252052052,1,26.10482758264055,146,7.66399508449316,False,False,False,False,False,False,False,False,False
Movie 709,Comedy,94691765,156279825,0.6504056609357741,1,47.624055818478936,109,6.340092316090521,False,False,False,False,False,False,False,False,False
Movie 710,Horror,40521538,96166090,1.3732092794700932,1,49.73099920305842,155,6.874555753567836,False,False,False,False,False,False,False,False,False
Movie 711,Thriller,113347791,139017540,0.22646889519002625,1,20.305889063422963,108,3.0811036301983203,False,False,False,False,False,False,False,False,False
Movie 712,Drama,196190712,484085933,1.4674253335703271,1,65.55721312628341,82,3.973024362823129,False,False,False,False,False,False,False,False,False
Movie 713,Adventure,173891082,135607189,-0.22016018624807912,0,78.31101628222295,169,8.909488596101427,False,False,False,False,False,False,False,False,False
Movie 714,Adventure,133985867,186231436,0.38993343230745375,1,79.35489054806239,136,3.4559610378949905,False,False,False,False,False,False,False,False,False
Movie 715,Adventure,92063625,271141603,1.9451545385053,1,60.64451323964205,109,7.07272933356147,False,False,False,False,False,False,False,False,False
Movie 716,Science Fiction,56454431,140287809,1.4849742795211238,1,51.65221966938239,88,4.056495798190298,False,False,False,False,False,False,False,False,False
Movie 717,Action,66557447,116018936,0.7431398172468965,1,7.039707157534094,105,7.300311514605852,False,False,False,False,False,False,False,False,False
Movie 718,Drama,84845477,114494192,0.3494436715819277,1,29.49529858630898,81,7.235942417771961,False,False,False,False,False,False,False,False,False
Movie 719,Unknown,78982667,211700342,1.680339244558556,1,10.23387323103882,141,4.405194358728541,False,False,False,False,False,False,False,False,False
Movie 720,Romance,191078359,355810718,0.8621193936462475,1,96.4184929269689,82,4.617806395315225,False,False,False,False,False,False,False,False,False
Movie 721,Adventure,100471732,240736553,1.3960625362763728,1,14.37293447635031,125,6.92862428161253,False,False,False,False,False,False,False,False,False
Movie 722,Science Fiction,118601287,282895997,1.385269200324951,1,16.0257655752591,147,5.340516232681281,False,False,False,False,False,False,False,False,False
Movie 723,Drama,192898745,105103619,-0.455135807130316,0,89.06808521471872,104,4.167287818199467,False,False,False,False,False,False,False,False,False
Movie 724,Romance,3667867,2991638,-0.1843657362712443,0,94.44890006416932,130,7.390077592724891,False,False,False,False,False,False,False,False,False
Movie 725,Adventure,94837987,203813796,1.1490734087386312,1,76.81707488425607,92,3.924885146018005,False,False,False,False,False,False,False,False,False
Movie 726,Romance,113521305,102628882,-0.09595047378991987,0,1.5350874435943171,123,8.133861984869679,False,False,False,False,False,False,False,False,False
Movie 727,Horror,57987271,66032040,0.13873336098192998,1,1.1332808246998065,114,6.088017144310966,False,False,False,False,False,False,False,False,False
Movie 728,Horror,176459001,505836469,1.866594881153158,1,38.43197620895763,134,3.634203623275804,False,False,False,False,False,False,False,False,False
Movie 729,Unknown,180936571,343861927,0.9004556408886515,1,15.19614163107836,166,7.1644340011859065,False,False,False,False,False,False,False,False,False
Movie 730,Animation,91864817,218346480,1.3768237626816369,1,2.8202280730081317,88,6.114978237447243,False,False,False,False,False,False,False,False,False
Movie 731,Drama,69452891,131609884,0.8949518458490087,1,46.94260225104596,81,4.788345430768857,False,False,False,False,False,False,False,False,False
Movie 732,Action,66432283,124977993,0.8812840287304291,1,94.3631278432902,140,5.5352362813431295,False,False,False,False,False,False,False,False,False
Movie 733,Horror,159461992,117265123,-0.2646202300044013,0,33.05813791534071,120,4.790026461524993,False,False,False,False,False,False,False,False,False
Movie 734,Drama,43734307,59441832,0.3591579717954603,1,66.45292716444095,123,4.578155014456704,False,False,False,False,False,False,False,False,False
Movie 735,Horror,68606426,82744649,0.2060772412193575,1,65.57129996011163,143,3.981650525062273,False,False,False,False,False,False,False,False,False
Movie 736,Thriller,46791733,69103009,0.47682089483627377,1,25.85693026285161,110,5.176602798824855,False,False,False,False,False,False,False,False,False
Movie 737,Comedy,139795966,348911225,1.4958604671038933,1,65.39209963356257,126,4.5059232378964245,False,False,False,False,False,False,False,False,False
Movie 738,Romance,156032720,223100524,0.4298316660761922,1,22.021063454402235,81,7.100606922323502,False,False,False,False,False,False,False,False,False
Movie 739,Unknown,128833288,209900610,0.6292420480644723,1,13.078733944112017,175,7.103260446979838,False,False,False,False,False,False,False,False,False
Movie 740,Romance,156506676,233735439,0.4934534741508407,1,70.43694527040932,161,6.011041455333831,False,False,False,False,False,False,False,False,False
Movie 741,Horror,6562067,4813406,-0.26648021118955356,0,12.230640893287756,156,7.667667164821927,False,False,False,False,False,False,False,False,False
Movie 742,Animation,174009356,278881383,0.6026803926565879,1,99.69401264034616,148,8.04803831403629,False,False,False,False,False,False,False,False,False
Movie 743,Horror,91012399,90013372,-0.010976823059020783,0,19.1617877138727,137,6.478598744605639,False,False,False,False,False,False,False,False,False
Movie 744,Adventure,162563548,157167777,-0.0331917644907701,0,59.820044412889295,123,6.713610976580602,False,False,False,False,False,False,False,False,False
Movie 745,Action,36154828,26577061,-0.26490976530160787,0,41.72608256984635,153,4.697315458718191,False,False,False,False,False,False,False,False,False
Movie 746,Horror,155306093,216135985,0.39167743405920336,1,13.512255818161044,135,8.369215204233118,False,False,False,False,False,False,False,False,False
Movie 747,Comedy,59842658,143245652,1.3937047047609417,1,3.756546850163926,122,3.145236266535179,False,False,False,False,False,False,False,False,False
Movie 748,Drama,44109628,52539164,0.1911042187886962,1,62.650495946990496,168,5.091614816657074,False,False,False,False,False,False,False,False,False
Movie 749,Thriller,14021573,17959850,0.2808726952389721,1,80.86899881512349,113,7.330802529299136,False,False,False,False,False,False,False,False,False
Movie 750,Adventure,53827729,113398157,1.1066866298594913,1,84.35955048916766,109,3.4805370580269672,False,False,False,False,False,False,False,False,False
Movie 751,Comedy,179838386,177968432,-0.01039796920775301,0,48.78863383461651,150,4.099017164569756,False,False,False,False,False,False,False,False,False
Movie 752,Adventure,165151551,452910758,1.742394820137051,1,77.96809125105617,149,6.535714367177107,False,False,False,False,False,False,False,False,False
Movie 753,Adventure,81155332,146118252,0.8004763014215751,1,67.61186621536594,134,6.359962028781347,False,False,False,False,False,False,False,False,False
Movie 754,Animation,190736856,308804371,0.6190073459111647,1,72.70119822241419,146,7.43356977678573,False,False,False,False,False,False,False,False,False
Movie 755,Comedy,186727425,353764532,0.8945504764498305,1,49.7673015169596,92,7.875675834529031,False,False,False,False,False,False,False,False,False
Movie 756,Horror,87966281,80496693,-0.08491421843785803,0,63.70776228397058,82,3.771477471070015,False,False,False,False,False,False,False,False,False
Movie 757,Comedy,8136029,16546102,1.0336827707964167,1,80.74706544402964,105,3.1102859386514523,False,False,False,False,False,False,False,False,False
Movie 758,Unknown,195212716,274811060,0.40775183928079767,1,40.39053338014528,136,7.137831117953437,False,False,False,False,False,False,False,False,False
Movie 759,Adventure,172086852,472028358,1.7429658484310004,1,80.79191118589078,103,4.808350774598155,False,False,False,False,False,False,False,False,False
Movie 760,Unknown,114245302,105349650,-0.07786448846710563,0,59.60966743611722,132,6.755903483507722,False,False,False,False,False,False,False,False,False
Movie 761,Action,156714551,277012990,0.7676277552554772,1,17.424201412707838,149,3.903267528373348,False,False,False,False,False,False,False,False,False
Movie 762,Science Fiction,7285088,14535801,0.9952814571354526,1,3.4437315652338767,122,5.8142402799957775,False,False,False,False,False,False,False,False,False
Movie 763,Comedy,119550901,69753049,-0.416541001225913,0,36.91260643951605,139,6.026548476380621,False,False,False,False,False,False,False,False,False
Movie 764,Comedy,185125585,260885048,0.4092328080961905,1,55.12293650133765,137,6.510466898239296,False,False,False,False,False,False,False,False,False
Movie 765,Horror,110164720,256858748,1.3315880801040478,1,84.14221486814535,128,6.079020097983387,False,False,False,False,False,False,False,False,False
Movie 766,Romance,8468810,21603458,1.5509437571512408,1,13.621082333884374,121,5.974144621372283,False,False,False,False,False,False,False,False,False
Movie 767,Animation,136852884,175569247,0.2829049843041671,1,80.22042842067434,155,4.996404923903134,False,False,False,False,False,False,False,False,False
Movie 768,Comedy,26301054,65660138,1.496483144743933,1,86.43789556065546,179,3.4270814179085174,False,False,False,False,False,False,False,False,False
Movie 769,Unknown,78264088,228483371,1.919389682276755,1,15.918061213082543,145,3.537121180781054,False,False,False,False,False,False,False,False,False
Movie 770,Science Fiction,140218773,370483916,1.64218483783195,1,85.30783761111769,90,5.602669646442922,False,False,False,False,False,False,False,False,False
Movie 771,Unknown,72572282,57630372,-0.2058900393954816,0,99.15390321643642,177,5.134758766925958,False,False,False,False,False,False,False,False,False
Movie 772,Action,128212314,301212501,1.349325829966691,1,72.95704427377552,169,6.096808828046987,False,False,False,False,False,False,False,False,False
Movie 773,Comedy,29267184,38022962,0.2991670807823534,1,78.69219850067381,97,4.829029015537602,False,False,False,False,False,False,False,False,False
Movie 774,Action,111933452,332558760,1.9710399711428537,1,99.44711148832847,164,7.127460548731946,False,False,False,False,False,False,False,False,False
Movie 775,Action,5345760,9159411,0.7133973466822304,1,60.9426438020686,179,8.183728932057063,False,False,False,False,False,False,False,False,False
Movie 776,Animation,134973601,108800160,-0.1939152605108313,0,31.48075181960869,131,4.793179132721206,False,False,False,False,False,False,False,False,False
Movie 777,Science Fiction,159148712,368105220,1.3129638648913478,1,83.91555257352951,125,4.157904047634172,False,False,False,False,False,False,False,False,False
Movie 778,Comedy,172023458,224925487,0.3075279942343677,1,61.834091973651496,123,3.697083445524535,False,False,False,False,False,False,False,False,False
Movie 779,Adventure,39019582,116773723,1.9926953856143308,1,58.5383469483747,101,6.6975242434248745,False,False,False,False,False,False,False,False,False
Movie 780,Adventure,101532608,299465974,1.9494561392533125,1,26.10991999588979,132,5.663135946843417,False,False,False,False,False,False,False,False,False
Movie 781,Science Fiction,59720660,127822221,1.1403350364848615,1,75.87709268870577,138,4.1280943031777335,False,False,False,False,False,False,False,False,False
Movie 782,Comedy,56229238,46364724,-0.17543389081673133,0,9.08506031014953,173,6.918820399751132,False,False,False,False,False,False,False,False,False
Movie 783,Romance,19100699,42349162,1.2171524717498559,1,92.50442000867146,109,3.8908990980317055,False,False,False,False,False,False,False,False,False
Movie 784,Animation,2722320,1994306,-0.26742410884833523,0,33.25652261627799,87,6.325804235087715,False,False,False,False,False,False,False,False,False
Movie 785,Animation,148516100,85160675,-0.42658960880335534,0,13.649690626209054,177,6.162890289751588,False,False,False,False,False,False,False,False,False
Movie 786,Horror,164920642,421767409,1.5573961141868462,1,44.79428677713946,136,7.4053668071165,False,False,False,False,False,False,False,False,False
Movie 787,Drama,98278998,100675272,0.024382360919064316,1,5.204521016396782,152,3.3306578396440005,False,False,False,False,False,False,False,False,False
Movie 788,Action,82550308,119497169,0.4475678152527305,1,68.77799323223167,99,8.327237591107982,False,False,False,False,False,False,False,False,False
Movie 789,Adventure,166875252,489552494,1.9336434739885815,1,90.36784553409026,104,7.217950356880917,False,False,False,False,False,False,False,False,False
Movie 790,Action,32206052,43223782,0.34210122991790487,1,83.88903770671237,98,4.296755990092573,False,False,False,False,False,False,False,False,False
Movie 791,Romance,31413513,38991220,0.24122443739418764,1,13.609577871340226,84,4.100432091658438,False,False,False,False,False,False,False,False,False
Movie 792,Horror,160546825,448811860,1.7955199986047685,1,13.500842573665452,154,5.5899612848627,False,False,False,False,False,False,False,False,False
Movie 793,Unknown,13243026,10288124,-0.22312891328613263,0,81.53001375010214,158,7.905391977267581,False,False,False,False,False,False,False,False,False
Movie 794,Animation,57024141,136798406,1.3989560140853328,1,92.50117318570848,151,8.057699958834643,False,False,False,False,False,False,False,False,False
Movie 795,Drama,76356616,226791665,1.970163908259109,1,46.60631315351542,162,6.122736552836298,False,False,False,False,False,False,False,False,False
Movie 796,Thriller,18864557,51938653,1.7532400045227672,1,50.39814057446283,166,8.164865176120426,False,False,False,False,False,False,False,False,False
Movie 797,Horror,7195200,15319802,1.1291697242606182,1,32.50794209718686,106,3.0326622551501434,False,False,False,False,False,False,False,False,False
Movie 798,Thriller,72086130,92641633,0.28515198416116944,1,89.53224670738499,119,3.21104778918958,False,False,False,False,False,False,False,False,False
Movie 799,Thriller,107222252,121783564,0.1358049446676423,1,64.84538762394324,175,8.470929561820457,False,False,False,False,False,False,False,False,False
Movie 800,Drama,188581132,480530703,1.548137758553703,1,29.53690613956948,105,7.651991579315496,False,False,False,False,False,False,False,False,False
Movie 801,Comedy,85729603,231431759,1.6995547733960694,1,30.57950423437091,106,5.704236349502314,False,False,False,False,False,False,False,False,False
Movie 802,Adventure,177707005,322287164,0.8135872809290776,1,89.22880723329664,141,7.521660788867923,False,False,False,False,False,False,False,False,False
Movie 803,Adventure,14832640,16476835,0.11084978803503624,1,2.3497683666763254,162,8.73383677034053,False,False,False,False,False,False,False,False,False
Movie 804,Unknown,31061031,24300846,-0.2176420029328711,0,32.9499306999372,129,7.63253714328771,False,False,False,False,False,False,False,False,False
Movie 805,Unknown,197119899,141521969,-0.2820513316111226,0,55.88131144042054,121,8.054228002909932,False,False,False,False,False,False,False,False,False
Movie 806,Horror,81197726,186567496,1.2976936078234507,1,15.67352874783314,108,7.563639488340371,False,False,False,False,False,False,False,False,False
Movie 807,Romance,96282726,149266803,0.5502968102502623,1,10.11777666575939,118,4.00926655460125,False,False,False,False,False,False,False,False,False
Movie 808,Animation,88220897,243789599,1.7633996852242388,1,81.71235677796544,139,8.001444657874421,False,False,False,False,False,False,False,False,False
Movie 809,Drama,167261173,392926309,1.3491782459280015,1,89.54603447620222,120,4.17065292014526,False,False,False,False,False,False,False,False,False
Movie 810,Adventure,96856757,94740538,-0.02184895577290493,0,82.53703565902076,112,8.355667968264882,False,False,False,False,False,False,False,False,False
Movie 811,Animation,82052418,166931012,1.0344435431506722,1,89.98000108399742,162,5.751899388486455,False,False,False,False,False,False,False,False,False
Movie 812,Action,87601594,139178227,0.5887636359676286,1,55.75808513477878,162,7.061860513866171,False,False,False,False,False,False,False,False,False
Movie 813,Unknown,171430731,333111223,0.9431243223246828,1,81.41355397804385,176,5.983445087283861,False,False,False,False,False,False,False,False,False
Movie 814,Drama,17689088,41483968,1.3451727980549364,1,39.02022120071894,95,3.563945576499612,False,False,False,False,False,False,False,False,False
Movie 815,Drama,131883819,331752388,1.5154896977922667,1,66.96051828642481,102,4.744333845723991,False,False,False,False,False,False,False,False,False
Movie 816,Romance,112274973,292963950,1.6093433128681314,1,98.89471760752728,86,8.902391123982035,False,False,False,False,False,False,False,False,False
Movie 817,Comedy,8102173,9195457,0.13493713353195494,1,23.34704466007361,105,8.764288510018904,False,False,False,False,False,False,False,False,False
Movie 818,Adventure,180606266,104352313,-0.4222110045727871,0,39.600074882816976,175,4.922921385933284,False,False,False,False,False,False,False,False,False
Movie 819,Science Fiction,123332984,289615056,1.3482368350059544,1,48.52469035369848,91,8.977780825471354,False,False,False,False,False,False,False,False,False
Movie 820,Animation,118922192,91077668,-0.23414068923317524,0,14.66353321498512,151,8.073307172981398,False,False,False,False,False,False,False,False,False
Movie 821,Romance,39720111,51131658,0.28729897053913067,1,9.022822436040622,84,6.665756996593528,False,False,False,False,False,False,False,False,False
Movie 822,Thriller,183733566,93620122,-0.4904571655676677,0,83.14256376584082,171,3.240747721566057,False,False,False,False,False,False,False,False,False
Movie 823,Animation,124620654,274685568,1.204173699810627,1,97.70264290993104,148,8.408680977230278,False,False,False,False,False,False,False,False,False
Movie 824,Action,196574678,180422142,-0.08216997308269787,0,41.06778131913621,128,6.344575675585919,False,False,False,False,False,False,False,False,False
Movie 825,Science Fiction,23064334,49316297,1.1382059850503379,1,9.677333783270674,105,8.210856907216616,False,False,False,False,False,False,False,False,False
Movie 826,Action,149899044,446602697,1.9793565394586505,1,7.515364308367071,84,8.006574719434454,False,False,False,False,False,False,False,False,False
Movie 827,Romance,62681549,42728581,-0.31832282893966135,0,89.24050242966958,101,7.998037291206517,False,False,False,False,False,False,False,False,False
Movie 828,Unknown,72209537,50019187,-0.30730497551867697,0,46.91761072304031,158,7.18904316428943,False,False,False,False,False,False,False,False,False
Movie 829,Animation,110367730,149101310,0.35095022793347297,1,32.6827043396768,92,4.748490832056292,False,False,False,False,False,False,False,False,False
Movie 830,Comedy,121907878,325002292,1.6659662798822568,1,48.16966585270056,107,5.016961546467119,False,False,False,False,False,False,False,False,False
Movie 831,Unknown,49840101,51775126,0.038824660487746604,1,32.51210537454239,112,4.850815275496118,False,False,False,False,False,False,False,False,False
Movie 832,Comedy,63468859,88916352,0.40094454825475906,1,49.41454175545438,102,3.120275997195388,False,False,False,False,False,False,False,False,False
Movie 833,Animation,185523489,124535149,-0.3287364868391409,0,86.09608329487574,176,6.495413455288867,False,False,False,False,False,False,False,False,False
Movie 834,Adventure,164584805,396301814,1.4078882251614904,1,59.63783573514748,97,7.193002022676197,False,False,False,False,False,False,False,False,False
Movie 835,Drama,196798321,299284167,0.5207658555176393,1,69.77072350820737,109,8.123195961151222,False,False,False,False,False,False,False,False,False
Movie 836,Romance,118758049,284796270,1.3981218317252753,1,37.10239694719933,105,3.8409926002963823,False,False,False,False,False,False,False,False,False
Movie 837,Thriller,51011985,140743067,1.7590196107836227,1,74.11208197254136,95,6.26509889386081,False,False,False,False,False,False,False,False,False
Movie 838,Adventure,75062621,81210840,0.08190786463478274,1,66.99509140305786,156,3.048048844042697,False,False,False,False,False,False,False,False,False
Movie 839,Action,123415538,310820807,1.5184900705128392,1,12.83663777745359,118,3.570561886264377,False,False,False,False,False,False,False,False,False
Movie 840,Action,126235646,81767211,-0.3522652785410549,0,57.69164245844288,112,3.3252704652359584,False,False,False,False,False,False,False,False,False
Movie 841,Comedy,168061473,461684776,1.7471184665863306,1,26.417606134666045,105,7.352868204092921,False,False,False,False,False,False,False,False,False
Movie 842,Romance,154568563,328755179,1.126921364986747,1,80.60547129372569,127,3.486357383265619,False,False,False,False,False,False,False,False,False
Movie 843,Romance,61084389,164046207,1.6855667984171865,1,43.167833138227,144,7.29871788935274,False,False,False,False,False,False,False,False,False
Movie 844,Thriller,58597408,29326303,-0.4995290064707299,0,99.47373235445222,117,4.4977482264635,False,False,False,False,False,False,False,False,False
Movie 845,Comedy,145538583,134288839,-0.07729733083906691,0,10.157543355957417,81,8.266277764181638,False,False,False,False,False,False,False,False,False
Movie 846,Adventure,153347982,226096029,0.4743984632285543,1,78.2544384112757,85,7.878899930182885,False,False,False,False,False,False,False,False,False
Movie 847,Science Fiction,93525563,135495838,0.44875725581037135,1,67.69647162067349,125,8.746981304851658,False,False,False,False,False,False,False,False,False
Movie 848,Horror,102370985,109212024,0.06682595659307176,1,76.98238422847984,129,8.302572092748191,False,False,False,False,False,False,False,False,False
Movie 849,Unknown,44558992,64790104,0.4540298398132525,1,31.445449753555177,117,8.599976514698083,False,False,False,False,False,False,False,False,False
Movie 850,Thriller,52628164,43266759,-0.17787823645149392,0,49.713394448857656,167,8.152454379079845,False,False,False,False,False,False,False,False,False
Movie 851,Adventure,95804867,146763746,0.5319028207617051,1,79.85434345264713,97,7.160291403689133,False,False,False,False,False,False,False,False,False
Movie 852,Horror,94831305,237636422,1.5058858148161096,1,24.021591830464644,106,4.021554912752616,False,False,False,False,False,False,False,False,False
Movie 853,Adventure,128094160,217462273,0.6976751555262161,1,23.37728648207656,120,4.630245113124557,False,False,False,False,False,False,False,False,False
Movie 854,Comedy,82251088,44826861,-0.4549997806715943,0,55.55404437619831,151,4.276361796781639,False,False,False,False,False,False,False,False,False
Movie 855,Horror,36409403,56566016,0.5536100935244668,1,52.83279437345572,171,6.6215147259492335,False,False,False,False,False,False,False,False,False
Movie 856,Thriller,17045907,9681010,-0.43206248866663416,0,28.943984570880357,153,6.021719627841608,False,False,False,False,False,False,False,False,False
Movie 857,Unknown,93924887,273848201,1.9156085223717119,1,30.509489401957453,96,8.202479982950543,False,False,False,False,False,False,False,False,False
Movie 858,Romance,197972612,162067289,-0.18136510215867638,0,28.506671157449983,141,8.716037198994453,False,False,False,False,False,False,False,False,False
Movie 859,Action,183676001,416801404,1.2692208112697314,1,77.37969413785028,108,5.429159337708866,False,False,False,False,False,False,False,False,False
Movie 860,Animation,150951937,442582144,1.9319408070927901,1,65.5381856906836,137,6.038103319684874,False,False,False,False,False,False,False,False,False
Movie 861,Science Fiction,70800140,181609271,1.5650976255131699,1,83.40930115761502,149,8.829098140824835,False,False,False,False,False,False,False,False,False
Movie 862,Unknown,93903549,211122263,1.2482884326342127,1,97.57182980308816,157,4.657433649738861,False,False,False,False,False,False,False,False,False
Movie 863,Drama,37081386,96361628,1.5986522725984407,1,47.94226533092665,101,7.754344652152882,False,False,False,False,False,False,False,False,False
Movie 864,Animation,74658410,220578028,1.9544967271604097,1,7.602694259139437,85,4.351439414011478,False,False,False,False,False,False,False,False,False
Movie 865,Adventure,125825546,258365299,1.0533612387424092,1,5.761138730791508,105,7.088760692551632,False,False,False,False,False,False,False,False,False
Movie 866,Animation,58395058,110831602,0.8979620158952493,1,30.270838887890296,118,4.521693765831385,False,False,False,False,False,False,False,False,False
Movie 867,Adventure,161045166,333459359,1.070595270149245,1,93.32191434589264,91,8.30240033298832,False,False,False,False,False,False,False,False,False
Movie 868,Romance,17663288,32353662,0.8316896604980907,1,52.79809244211661,178,6.368867662420061,False,False,False,False,False,False,False,False,False
Movie 869,Romance,98148566,204906995,1.0877227589855973,1,27.906865091932787,93,4.115601845246308,False,False,False,False,False,False,False,False,False
Movie 870,Animation,14081782,22877340,0.6246054654162378,1,40.51751265659094,101,4.346215054190916,False,False,False,False,False,False,False,False,False
Movie 871,Thriller,96632207,101087720,0.04610795032343616,1,60.26091563306241,130,5.963095174248601,False,False,False,False,False,False,False,False,False
Movie 872,Science Fiction,116546206,93308998,-0.1993819344063418,0,65.64201615564637,102,8.769612153449273,False,False,False,False,False,False,False,False,False
Movie 873,Drama,109664778,73568872,-0.3291476685431306,0,16.2380314685076,127,7.617852983301927,False,False,False,False,False,False,False,False,False
Movie 874,Drama,60387253,69945918,0.1582894489338669,1,97.72613597797242,150,5.929857856955071,False,False,False,False,False,False,False,False,False
Movie 875,Romance,44669391,27485474,-0.38469109641544025,0,54.93245047129609,129,5.026314867373302,False,False,False,False,False,False,False,False,False
Movie 876,Science Fiction,69181511,132685084,0.9179269443825823,1,14.43314346143565,168,6.295610960090656,False,False,False,False,False,False,False,False,False
Movie 877,Unknown,39660995,47972794,0.2095711164079469,1,89.46989008126724,92,7.490165000571718,False,False,False,False,False,False,False,False,False
Movie 878,Horror,143452407,367429960,1.56133701541864,1,8.389204676863452,164,7.7035715307168,False,False,False,False,False,False,False,False,False
Movie 879,Romance,158458712,108639638,-0.31439782244348924,0,90.86580788457375,89,4.947652788581668,False,False,False,False,False,False,False,False,False
Movie 880,Drama,94580482,100811324,0.06587872960935005,1,99.65999997260926,134,7.326955609283264,False,False,False,False,False,False,False,False,False
Movie 881,Action,157601538,366520558,1.325615362966826,1,70.34274811649388,88,6.946732680217117,False,False,False,False,False,False,False,False,False
Movie 882,Horror,66438362,132678786,0.9970207272719939,1,77.27427488632499,158,8.754673751977762,False,False,False,False,False,False,False,False,False
Movie 883,Action,183784092,121523220,-0.3387718236244299,0,34.39298081028115,131,8.58654174304809,False,False,False,False,False,False,False,False,False
Movie 884,Action,153945311,414589908,1.693098642023595,1,94.21610842065944,81,7.736275953621462,False,False,False,False,False,False,False,False,False
Movie 885,Romance,170373756,458842831,1.6931544022543001,1,53.4416826447284,104,7.34036813312957,False,False,False,False,False,False,False,False,False
Movie 886,Animation,21568697,28600523,0.32601997237014363,1,73.50645621315793,92,4.644249538225655,False,False,False,False,False,False,False,False,False
Movie 887,Romance,157118066,212268802,0.35101460579332744,1,92.48666387521666,177,8.0757915365912,False,False,False,False,False,False,False,False,False
Movie 888,Thriller,176529362,524746043,1.9725708916344467,1,97.54281762157532,130,5.565034222280197,False,False,False,False,False,False,False,False,False
Movie 889,Romance,40902996,84482701,1.0654404141936205,1,83.48723130307076,137,4.633443255036268,False,False,False,False,False,False,False,False,False
Movie 890,Romance,189699652,346826223,0.8282912980778689,1,30.99873319122097,113,5.304964547720775,False,False,False,False,False,False,False,False,False
Movie 891,Action,140941329,365796371,1.5953804579208983,1,96.68820413865616,114,8.015612940099047,False,False,False,False,False,False,False,False,False
Movie 892,Comedy,123794587,150190792,0.21322584161131375,1,63.1838335931136,82,3.89179929346731,False,False,False,False,False,False,False,False,False
Movie 893,Science Fiction,151835881,238831233,0.5729564805567927,1,93.13360515884402,138,5.736952446718934,False,False,False,False,False,False,False,False,False
Movie 894,Drama,137600085,160915275,0.16944168312105332,1,67.93439755562083,149,5.954145567176938,False,False,False,False,False,False,False,False,False
Movie 895,Action,113539028,280770902,1.472902110805458,1,31.41665722292433,127,3.2197781855929164,False,False,False,False,False,False,False,False,False
Movie 896,Unknown,148847812,287778395,0.9333733639295955,1,37.63242789013878,143,4.174476177288992,False,False,False,False,False,False,False,False,False
Movie 897,Action,100981544,216813704,1.1470626751359634,1,55.49670593319111,98,7.960454571455139,False,False,False,False,False,False,False,False,False
Movie 898,Drama,187794507,212352042,0.1307681219877214,1,79.21146931442831,146,7.984604331568564,False,False,False,False,False,False,False,False,False
Movie 899,Drama,81890201,86030835,0.050563241382201515,1,32.48027258269316,161,4.754490503305488,False,False,False,False,False,False,False,False,False
Movie 900,Adventure,83537517,143762768,0.7209365703316272,1,58.39338544728501,152,8.249383407587558,False,False,False,False,False,False,False,False,False
Movie 901,Drama,17099248,40079173,1.3439143639533153,1,35.21687436406375,155,7.630697634410087,False,False,False,False,False,False,False,False,False
Movie 902,Thriller,15677069,28424084,0.8130993746343784,1,81.7611710588756,84,5.507444902772456,False,False,False,False,False,False,False,False,False
Movie 903,Adventure,76589337,44545445,-0.41838581263603314,0,47.206081283027096,146,7.490438066430227,False,False,False,False,False,False,False,False,False
Movie 904,Romance,13433196,35885154,1.6713787247651266,1,8.595559858435639,90,8.768007787168838,False,False,False,False,False,False,False,False,False
Movie 905,Thriller,40010202,26475440,-0.33828277097926174,0,17.4391996266721,173,5.753818308392093,False,False,False,False,False,False,False,False,False
Movie 906,Animation,169844360,490775674,1.889561207684494,1,7.049362094343596,147,4.430563073720902,False,False,False,False,False,False,False,False,False
Movie 907,Science Fiction,128949593,72579909,-0.43714510987250654,0,50.4309916554182,148,8.650899000300935,False,False,False,False,False,False,False,False,False
Movie 908,Unknown,188455534,421410345,1.2361261357281235,1,11.52739243747449,80,6.622465731379538,False,False,False,False,False,False,False,False,False
Movie 909,Adventure,13457080,9494207,-0.2944823839941503,0,12.299856961653578,170,3.631590974882552,False,False,False,False,False,False,False,False,False
Movie 910,Adventure,2222869,6172221,1.7766912939988817,1,94.16377774379932,171,6.436096895140137,False,False,False,False,False,False,False,False,False
Movie 911,Action,83716910,139060743,0.6610830834535102,1,87.39285214542949,142,6.003485336689792,False,False,False,False,False,False,False,False,False
Movie 912,Animation,51066487,43090383,-0.15619057563133332,0,45.75657308432523,108,8.133533364453381,False,False,False,False,False,False,False,False,False
Movie 913,Horror,138343082,187045276,0.3520392440006505,1,98.59472676417036,161,6.184171138581128,False,False,False,False,False,False,False,False,False
Movie 914,Adventure,198020478,180606891,-0.08793831413738937,0,1.0184662888956484,91,4.5313946060657,False,False,False,False,False,False,False,False,False
Movie 915,Action,10818159,10022535,-0.07354523075506655,0,61.783966171065984,156,7.053864383189331,False,False,False,False,False,False,False,False,False
Movie 916,Horror,12145552,34861023,1.870270778965007,1,62.02638955981514,120,6.255452715213481,False,False,False,False,False,False,False,False,False
Movie 917,Animation,116438617,187828912,0.6131152777261173,1,46.286862531118935,81,4.398267769601235,False,False,False,False,False,False,False,False,False
Movie 918,Comedy,95562311,236230573,1.4720056529398917,1,40.29784932049499,116,6.441767147657447,False,False,False,False,False,False,False,False,False
Movie 919,Adventure,150370722,315630236,1.0990139024536971,1,46.08293041258016,124,7.929213467338116,False,False,False,False,False,False,False,False,False
Movie 920,Comedy,94842126,207805348,1.191065898290808,1,42.081083171888366,159,3.171425506344063,False,False,False,False,False,False,False,False,False
Movie 921,Thriller,158155630,131147961,-0.17076640901117462,0,73.31875527074764,127,6.78510623187067,False,False,False,False,False,False,False,False,False
Movie 922,Animation,43758171,47497793,0.08546111307988627,1,14.400188062355122,103,5.097511174706352,False,False,False,False,False,False,False,False,False
Movie 923,Thriller,135285389,333732257,1.4668758353498175,1,20.56628283852189,178,4.7560286745565445,False,False,False,False,False,False,False,False,False
Movie 924,Science Fiction,108523287,317638492,1.9269155107695919,1,18.871304610849936,101,5.355526502166668,False,False,False,False,False,False,False,False,False
Movie 925,Horror,142802881,165178536,0.15668910069118283,1,26.98458792700519,179,5.05213598548789,False,False,False,False,False,False,False,False,False
Movie 926,Unknown,158553165,186921800,0.17892190925359328,1,53.00058345937675,90,7.9934346402506495,False,False,False,False,False,False,False,False,False
Movie 927,Unknown,98663674,165976258,0.6822428282976772,1,12.009665986483654,137,4.648786864607404,False,False,False,False,False,False,False,False,False
Movie 928,Adventure,11466615,33936602,1.9596007191311473,1,86.94876023732391,125,7.398918138639512,False,False,False,False,False,False,False,False,False
Movie 929,Comedy,35861938,42044441,0.1723973478510838,1,30.43879159953876,108,3.5643589213715323,False,False,False,False,False,False,False,False,False
Movie 930,Adventure,112023110,169987202,0.5174297696252139,1,17.091260759402076,114,8.708378234906494,False,False,False,False,False,False,False,False,False
Movie 931,Action,87787694,239546284,1.7287000385270401,1,67.88650965022609,94,6.733899823491311,False,False,False,False,False,False,False,False,False
Movie 932,Comedy,138184150,70101176,-0.4926974186257975,0,4.770543759332608,139,7.24031146226736,False,False,False,False,False,False,False,False,False
Movie 933,Science Fiction,51154221,30662602,-0.400585105186139,0,62.37688792254225,174,4.788235992566706,False,False,False,False,False,False,False,False,False
Movie 934,Action,138926382,279266922,1.0101791897236625,1,70.12164463697349,121,5.472579412248688,False,False,False,False,False,False,False,False,False
Movie 935,Animation,131876923,365094721,1.7684504058378736,1,22.2767366072852,122,4.342670317625857,False,False,False,False,False,False,False,False,False
Movie 936,Adventure,192864812,211600018,0.09714164966494769,1,5.154443270919795,159,8.595216514813345,False,False,False,False,False,False,False,False,False
Movie 937,Romance,43573305,72946263,0.6741044316009538,1,37.00089053302551,153,5.928626682608266,False,False,False,False,False,False,False,False,False
Movie 938,Comedy,179871077,292499735,0.6261632491364912,1,10.760828793951712,128,6.782688693947939,False,False,False,False,False,False,False,False,False
Movie 939,Animation,141090082,237373956,0.6824283651631871,1,12.53130711766037,143,7.405632183184292,False,False,False,False,False,False,False,False,False
Movie 940,Unknown,96192946,197801481,1.056299232170309,1,26.171861913041592,111,5.226636546597234,False,False,False,False,False,False,False,False,False
Movie 941,Thriller,182974207,306364584,0.6743594030168416,1,30.25132453804917,143,7.320609927234847,False,False,False,False,False,False,False,False,False
Movie 942,Action,83649048,135400234,0.6186703523511708,1,53.46706376112064,81,7.055954938538041,False,False,False,False,False,False,False,False,False
Movie 943,Science Fiction,10810404,18223325,0.6857209961810863,1,68.1607966647983,103,7.233956003243679,False,False,False,False,False,False,False,False,False
Movie 944,Horror,87205129,172419243,0.9771686020899069,1,59.68432314614829,166,5.935379401227677,False,False,False,False,False,False,False,False,False
Movie 945,Drama,7292518,13436600,0.84251859234355,1,15.687673391662164,145,5.297624293749703,False,False,False,False,False,False,False,False,False
Movie 946,Drama,42142200,111059025,1.6353399917422442,1,18.03651721281002,117,4.332493129253939,False,False,False,False,False,False,False,False,False
Movie 947,Science Fiction,122160976,76196947,-0.3762578730543214,0,87.99815572949854,110,7.947758116805358,False,False,False,False,False,False,False,False,False
Movie 948,Unknown,103855910,268290211,1.5832926696227494,1,56.27687919134725,105,6.650100279190072,False,False,False,False,False,False,False,False,False
Movie 949,Romance,115694229,301940132,1.6098115230968002,1,87.12384545687121,108,5.66611317658497,False,False,False,False,False,False,False,False,False
Movie 950,Unknown,65413145,79298396,0.21227004144197623,1,37.783104620667565,146,8.663975440263668,False,False,False,False,False,False,False,False,False
Movie 951,Drama,152765117,253151641,0.6571298865303131,1,61.82560073570106,157,3.287032875042233,False,False,False,False,False,False,False,False,False
Movie 952,Action,197350488,315039705,0.5963462172943803,1,52.84267818940646,104,8.101031671230285,False,False,False,False,False,False,False,False,False
Movie 953,Thriller,67689168,70821456,0.04627458266291588,1,32.5932254922258,127,8.985495557675835,False,False,False,False,False,False,False,False,False
Movie 954,Drama,131682380,196469073,0.4919921177001813,1,47.52162183132594,144,8.321652665297204,False,False,False,False,False,False,False,False,False
Movie 955,Comedy,134541075,82200483,-0.3890305767216443,0,50.74659680586628,132,7.862619513693751,False,False,False,False,False,False,False,False,False
Movie 956,Animation,157637208,188306343,0.19455517760756078,1,20.87632650091118,146,5.245835960437947,False,False,False,False,False,False,False,False,False
Movie 957,Romance,183984073,467633318,1.5417054333828124,1,32.18602686529643,169,4.387885093573761,False,False,False,False,False,False,False,False,False
Movie 958,Comedy,169239170,205017304,0.21140575198992054,1,79.34956530019059,97,7.409103122997607,False,False,False,False,False,False,False,False,False
Movie 959,Unknown,103318312,262998485,1.5455166650419143,1,91.6630357059586,88,4.827452197731411,False,False,False,False,False,False,False,False,False
Movie 960,Comedy,181741265,332404530,0.8289986591652699,1,36.619615260984645,117,4.056238092929824,False,False,False,False,False,False,False,False,False
Movie 961,Romance,105884334,285851351,1.699656693312157,1,31.3902559386928,166,7.719155322621548,False,False,False,False,False,False,False,False,False
Movie 962,Comedy,94198563,182457801,0.9369488789335353,1,20.32451929261637,100,4.875261913420333,False,False,False,False,False,False,False,False,False
Movie 963,Animation,160371374,92080521,-0.42582944385074606,0,68.17062569640754,144,8.48665037692403,False,False,False,False,False,False,False,False,False
Movie 964,Adventure,105544289,230989008,1.1885505145617117,1,32.9868704649674,100,8.043795868914751,False,False,False,False,False,False,False,False,False
Movie 965,Science Fiction,104231399,63803574,-0.38786608822165,0,98.78720437081968,106,8.08584197705553,False,False,False,False,False,False,False,False,False
Movie 966,Thriller,9411883,15308357,0.626492488272538,1,33.24279540433137,149,7.629418356334957,False,False,False,False,False,False,False,False,False
Movie 967,Romance,12082322,34115242,1.8235666952097453,1,40.01946863148019,123,8.28528854264842,False,False,False,False,False,False,False,False,False
Movie 968,Comedy,17203305,15706786,-0.08699020333592876,0,60.73008542499144,179,7.834481353068721,False,False,False,False,False,False,False,False,False
Movie 969,Horror,146066408,215401339,0.4746808793983624,1,80.3667450259392,107,6.615068181448372,False,False,False,False,False,False,False,False,False
Movie 970,Action,108145828,251401282,1.3246507669255627,1,47.48234786921773,124,4.774936311491179,False,False,False,False,False,False,False,False,False
Movie 971,Horror,106859763,289124732,1.7056463900261505,1,42.84294734510687,96,8.329255159284894,False,False,False,False,False,False,False,False,False
Movie 972,Comedy,90838873,197788702,1.1773575064058754,1,99.56814552588602,119,8.043621736639151,False,False,False,False,False,False,False,False,False
Movie 973,Action,194510719,222799022,0.14543313163116733,1,2.0388704728545,82,5.83727593326327,False,False,False,False,False,False,False,False,False
Movie 974,Adventure,36555041,79928314,1.1865196102501978,1,89.61146359627334,155,3.234472116011731,False,False,False,False,False,False,False,False,False
Movie 975,Romance,188246519,233768123,0.24181910104802523,1,15.764941768034006,155,6.831262364411481,False,False,False,False,False,False,False,False,False
Movie 976,Romance,77658629,178309887,1.29607307386279,1,78.80660234468243,145,3.3035811220594904,False,False,False,False,False,False,False,False,False
Movie 977,Animation,186863908,539117850,1.8850828165276303,1,62.1752244247835,125,8.557679771090443,False,False,False,False,False,False,False,False,False
Movie 978,Thriller,33359860,76843891,1.3034836177370048,1,34.84288126431112,165,8.769787539751842,False,False,False,False,False,False,False,False,False
Movie 979,Drama,169716949,450972090,1.6572012557213718,1,87.51362059658082,166,4.136940875397626,False,False,False,False,False,False,False,False,False
Movie 980,Science Fiction,163490644,82605218,-0.49474039627613187,0,2.277815570118205,109,7.05833626832946,False,False,False,False,False,False,False,False,False
Movie 981,Adventure,120654085,276772062,1.2939303049706108,1,23.442374555417445,148,3.5536140273765766,False,False,False,False,False,False,False,False,False
Movie 982,Action,154250307,397035491,1.5739688868171913,1,57.12238682870407,88,7.3771015714387325,False,False,False,False,False,False,False,False,False
Movie 983,Adventure,165572509,99574784,-0.398603158209072,0,35.8026837449201,164,5.083725996916048,False,False,False,False,False,False,False,False,False
Movie 984,Animation,110039037,294793954,1.6789943099920077,1,61.427372036514434,90,7.086300670382672,False,False,False,False,False,False,False,False,False
Movie 985,Romance,151732605,173238512,0.14173556830451833,1,3.386909147458016,148,5.237259055213067,False,False,False,False,False,False,False,False,False
Movie 986,Thriller,94481782,204385849,1.1632302510975079,1,12.52943411768954,178,3.8734050589994142,False,False,False,False,False,False,False,False,False
Movie 987,Action,129050312,322740273,1.500887196615224,1,13.582527781625483,170,5.436659883015347,False,False,False,False,False,False,False,False,False
Movie 988,Adventure,77165878,166420661,1.156661277151541,1,19.739080945684933,145,3.67604115980874,False,False,False,False,False,False,False,False,False
Movie 989,Romance,106275634,77656878,-0.2692880289003969,0,46.47381263925374,167,6.461299649861675,False,False,False,False,False,False,False,False,False
Movie 990,Romance,79350878,157972029,0.9908037942566936,1,75.46074125481356,110,3.245709192896878,False,False,False,False,False,False,False,False,False
Movie 991,Horror,153028199,286768592,0.8739591387336395,1,90.6483449549612,112,6.163918077599158,False,False,False,False,False,False,False,False,False
Movie 992,Drama,41636644,114534212,1.7508031627140745,1,83.70188049814035,118,8.318211882573245,False,False,False,False,False,False,False,False,False
Movie 993,Adventure,193752163,292681886,0.5105993216705406,1,20.49189930579267,173,8.027239620716177,False,False,False,False,False,False,False,False,False
Movie 994,Science Fiction,93815365,122213533,0.30270273957789323,1,44.673904670832606,125,8.29669019775898,False,False,False,False,False,False,False,False,False
Movie 995,Adventure,99164033,235477581,1.3746269073183015,1,20.74174817809497,116,8.532292812762645,False,False,False,False,False,False,False,False,False
Movie 996,Drama,58975251,90331702,0.5316883009111737,1,27.18270985005189,171,3.627167327254165,False,False,False,False,False,False,False,False,False
Movie 997,Science Fiction,138311963,292563057,1.1152404365774202,1,50.851151169676726,139,3.7724832172542784,False,False,False,False,False,False,False,False,False
Movie 998,Drama,183087754,387436614,1.11612522156998,1,7.742793447628731,110,6.342040837878772,False,False,False,False,False,False,False,False,False
Movie 999,Action,23763342,64638610,1.7200976192658424,1,22.59925862973405,90,8.363836010546574,False,False,False,False,False,False,False,False,False
Movie 1000,Animation,20636869,41206276,0.9967309963541465,1,93.6024379694046,166,8.846096739144183,False,False,False,False,False,False,False,False,False
Movie 1001,Thriller,162349749,284986155,0.7553840197190573,1,47.14551297319041,81,3.27757150404,False,False,False,False,False,False,False,False,False
Movie 1002,Drama,34942384,29602430,-0.15282168497718987,0,45.09326607180935,106,5.134644505203961,False,False,False,False,False,False,False,False,False
Movie 1003,Horror,198085687,156357751,-0.2106559874767731,0,2.442148320376611,178,4.277365527959961,False,False,False,False,False,False,False,False,False
Movie 1004,Science Fiction,153025061,135550197,-0.11419609236424352,0,25.49257495877623,81,7.535795093587488,False,False,False,False,False,False,False,False,False
Movie 1005,Romance,188446194,175183577,-0.07037880000908907,0,86.76295116223595,100,6.841163211222192,False,False,False,False,False,False,False,False,False
Movie 1006,Unknown,36912253,77319828,1.0946927298098006,1,17.298214397608206,137,3.7193281889030727,False,False,False,False,False,False,False,False,False
Movie 1007,Horror,133960449,315135676,1.352453118457374,1,42.09736901393739,84,5.901132404189829,False,False,False,False,False,False,False,False,False
Movie 1008,Science Fiction,151481610,276450727,0.8249788010571052,1,2.418759680833124,131,7.112643134227748,False,False,False,False,False,False,False,False,False
Movie 1009,Animation,40138695,103258572,1.5725443241241401,1,48.35521268538503,124,7.674032363544226,False,False,False,False,False,False,False,False,False
Movie 1010,Drama,169016921,503359106,1.978158062647467,1,3.081089565895498,164,3.120316258704051,False,False,False,False,False,False,False,False,False
Movie 1011,Romance,129759218,330890102,1.5500315669288327,1,82.14134575351419,172,8.34281744390334,False,False,False,False,False,False,False,False,False
Movie 1012,Animation,113023724,252857346,1.2372059338621686,1,82.66052298122325,99,6.415688297703147,False,False,False,False,False,False,False,False,False
Movie 1013,Animation,84721515,155144728,0.8312317479214105,1,78.98647664193462,140,7.871454689759428,False,False,False,False,False,False,False,False,False
Movie 1014,Adventure,76495044,124085110,0.6221326704511733,1,29.053042820220703,117,7.8476281800857,False,False,False,False,False,False,False,False,False
Movie 1015,Drama,131971033,93828890,-0.28901905314327575,0,83.88648460395999,99,4.139115961625815,False,False,False,False,False,False,False,False,False
Movie 1016,Comedy,49014453,73444328,0.4984218634450536,1,54.75681512792166,104,3.6610327215217984,False,False,False,False,False,False,False,False,False
Movie 1017,Animation,101727619,282328383,1.7753365877952967,1,38.00700277783324,81,7.32772361384296,False,False,False,False,False,False,False,False,False
Movie 1018,Science Fiction,52569363,132477768,1.5200565584178753,1,62.90766601071907,111,3.9385615129297142,False,False,False,False,False,False,False,False,False
Movie 1019,Science Fiction,33686304,35038081,0.040128385708328225,1,2.2217635599770267,105,8.099624948428342,False,False,False,False,False,False,False,False,False
Movie 1020,Comedy,129161931,215250871,0.6665194561081624,1,15.153126882474464,149,7.357136903172631,False,False,False,False,False,False,False,False,False
Movie 1021,Unknown,85740096,217934862,1.5418080007748067,1,74.48706027885602,120,8.050952186191576,False,False,False,False,False,False,False,False,False
Movie 1022,Adventure,77362381,51713764,-0.331538619526201,0,25.171999262899146,146,4.794076077656077,False,False,False,False,False,False,False,False,False
Movie 1023,Drama,166916991,245114507,0.46848146214186187,1,60.202902615546215,176,4.8995883624634144,False,False,False,False,False,False,False,False,False
Movie 1024,Animation,107472997,282611325,1.6296030899743124,1,39.12515767947993,80,7.027329338077906,False,False,False,False,False,False,False,False,False
Movie 1025,Romance,81480036,123014049,0.5097446569611236,1,85.62577210112688,130,3.188675730353685,False,False,False,False,False,False,False,False,False
Movie 1026,Animation,27216317,18889120,-0.30596340423283575,0,95.28911529366772,84,7.358980478024536,False,False,False,False,False,False,False,False,False
Movie 1027,Science Fiction,127111882,235962352,0.8563359167320015,1,88.47290810864885,92,8.014698425127607,False,False,False,False,False,False,False,False,False
Movie 1028,Action,188432803,500167785,1.654356232232028,1,27.79137947466607,98,5.490981519624624,False,False,False,False,False,False,False,False,False
Movie 1029,Action,35970444,71067304,0.9757138388394649,1,20.222124035562143,91,7.589272980530812,False,False,False,False,False,False,False,False,False
Movie 1030,Horror,140970538,150231988,0.0656977701255563,1,47.96905446845276,127,4.047665501893571,False,False,False,False,False,False,False,False,False
Movie 1031,Thriller,135789378,198333836,0.46059904626707987,1,1.7260809327818474,104,4.933562362916908,False,False,False,False,False,False,False,False,False
Movie 1032,Romance,104527089,169888756,0.6253084021119157,1,3.555129893454992,136,8.845829778662864,False,False,False,False,False,False,False,False,False
Movie 1033,Horror,73017911,142251003,0.9481658822038883,1,55.77577332267701,114,8.917969041360758,False,False,False,False,False,False,False,False,False
Movie 1034,Drama,41435721,99378503,1.39837754965094,1,52.524491012363306,155,6.075630318129528,False,False,False,False,False,False,False,False,False
Movie 1035,Animation,4757974,3555082,-0.25281600950320454,0,99.46361691449074,173,8.605618748783261,False,False,False,False,False,False,False,False,False
Movie 1036,Comedy,62119361,169221220,1.7241300824069972,1,20.982341701012054,84,6.136384068341128,False,False,False,False,False,False,False,False,False
Movie 1037,Thriller,43321932,22994166,-0.46922574921173876,0,26.55228898688637,177,4.749528768966944,False,False,False,False,False,False,False,False,False
Movie 1038,Action,109955219,156700573,0.4251308343990475,1,12.240523590302384,101,4.601395728592631,False,False,False,False,False,False,False,False,False
Movie 1039,Horror,20931456,11900595,-0.4314492503531527,0,91.83675795572071,156,8.577034232208893,False,False,False,False,False,False,False,False,False
Movie 1040,Science Fiction,60376958,89504949,0.48243555099281415,1,78.00331320138662,136,4.034678333843154,False,False,False,False,False,False,False,False,False
Movie 1041,Unknown,12643208,22941499,0.8145314859962757,1,82.4115720342279,126,6.47779474921091,False,False,False,False,False,False,False,False,False
Movie 1042,Science Fiction,44928336,79936651,0.7792034630439018,1,90.37361500848635,133,6.3331504083763175,False,False,False,False,False,False,False,False,False
Movie 1043,Romance,143329802,131013596,-0.08592913565875156,0,52.96509868585799,82,7.43773010791797,False,False,False,False,False,False,False,False,False
Movie 1044,Thriller,154185166,326001602,1.1143512729363343,1,45.66812595362164,132,5.995457445148649,False,False,False,False,False,False,False,False,False
Movie 1045,Animation,147356119,90174006,-0.3880538751159699,0,33.70875589289604,163,4.633713964248805,False,False,False,False,False,False,False,False,False
Movie 1046,Horror,188268645,452742234,1.4047670497655094,1,59.332246820437696,110,4.016378997789471,False,False,False,False,False,False,False,False,False
Movie 1047,Animation,159230518,456451967,1.8666110789139052,1,45.97356128219243,148,6.724912821035351,False,False,False,False,False,False,False,False,False
Movie 1048,Adventure,191221730,258038822,0.349422066205551,1,45.70499307395193,167,7.313944541119398,False,False,False,False,False,False,False,False,False
Movie 1049,Romance,157200541,281876047,0.7930984537769498,1,93.75585850938276,112,6.417127672092196,False,False,False,False,False,False,False,False,False
Movie 1050,Romance,190834334,276189893,0.447275693062654,1,98.41911991363388,151,7.430107662727169,False,False,False,False,False,False,False,False,False
Movie 1051,Horror,165185668,85363984,-0.48322402885460985,0,79.8519545436285,167,3.849127214699761,False,False,False,False,False,False,False,False,False
Movie 1052,Adventure,78822269,115449894,0.464686255098797,1,75.9190509344459,129,8.294821169658814,False,False,False,False,False,False,False,False,False
Movie 1053,Drama,119227179,295600022,1.4793006467090863,1,68.37525801613104,163,6.494373050451019,False,False,False,False,False,False,False,False,False
Movie 1054,Adventure,144959985,288466326,0.9899721016113516,1,17.441410381017857,95,3.761063561355583,False,False,False,False,False,False,False,False,False
Movie 1055,Drama,187261879,141036244,-0.24685021450628508,0,6.851476266689798,155,5.77155122523441,False,False,False,False,False,False,False,False,False
Movie 1056,Romance,4609736,12067591,1.6178486143241175,1,69.38190519621304,156,8.068750427195468,False,False,False,False,False,False,False,False,False
Movie 1057,Unknown,76169697,139216373,0.8277133621786628,1,73.14983600340102,118,8.385373160718961,False,False,False,False,False,False,False,False,False
Movie 1058,Drama,19161634,49902804,1.6043083799638382,1,5.65032611871584,168,4.587897029992569,False,False,False,False,False,False,False,False,False
Movie 1059,Action,18163810,35429488,0.9505537659775124,1,92.87712327265596,125,7.267594948262719,False,False,False,False,False,False,False,False,False
Movie 1060,Adventure,147443583,280027965,0.8992211075065912,1,10.022923305023076,175,3.59991148490266,False,False,False,False,False,False,False,False,False
Movie 1061,Comedy,52424149,40007382,-0.2368520469450062,0,29.30415284334904,167,3.201275228472947,False,False,False,False,False,False,False,False,False
Movie 1062,Comedy,126966143,116605621,-0.08160066735271308,0,67.56659146707175,126,6.3623937229196565,False,False,False,False,False,False,False,False,False
Movie 1063,Horror,136353692,399524927,1.9300631404978752,1,17.817386846043156,123,7.168965475968755,False,False,False,False,False,False,False,False,False
Movie 1064,Unknown,64446855,69036558,0.07121686543121461,1,6.486172955782199,88,7.774720387059012,False,False,False,False,False,False,False,False,False
Movie 1065,Drama,67318090,198159569,1.9436302931351737,1,33.78350242725083,166,5.041297430732008,False,False,False,False,False,False,False,False,False
Movie 1066,Horror,195421608,357578895,0.8297817659959077,1,76.83118591066273,129,3.039152462573322,False,False,False,False,False,False,False,False,False
Movie 1067,Action,3155748,2649164,-0.16052739318855624,0,41.95418921954077,156,5.877115422668123,False,False,False,False,False,False,False,False,False
Movie 1068,Action,61676365,46149679,-0.25174450537089854,0,65.644319268886,139,3.0951212722414017,False,False,False,False,False,False,False,False,False
Movie 1069,Unknown,167026013,170727338,0.02216017094295366,1,58.382290625585526,175,3.5519070640248,False,False,False,False,False,False,False,False,False
Movie 1070,Comedy,55256930,155498157,1.814093309201217,1,3.1996297205324606,94,4.96013413519049,False,False,False,False,False,False,False,False,False
Movie 1071,Animation,169645332,260469296,0.5353755563400943,1,98.86545871752496,115,5.623032297361063,False,False,False,False,False,False,False,False,False
Movie 1072,Animation,9910852,14753152,0.4885856432928269,1,5.101380793119388,142,4.676816647377891,False,False,False,False,False,False,False,False,False
Movie 1073,Science Fiction,173645754,222790220,0.28301565035676024,1,96.81247102720002,148,6.491191599028247,False,False,False,False,False,False,False,False,False
Movie 1074,Action,38617741,33506861,-0.13234539016665942,0,55.43655365807542,165,3.332098735308571,False,False,False,False,False,False,False,False,False
Movie 1075,Drama,100065241,172074989,0.719627987504672,1,96.3527436794416,159,3.867478261437508,False,False,False,False,False,False,False,False,False
Movie 1076,Drama,142158973,117298134,-0.17488054728701508,0,12.36060634196971,120,7.171550404532601,False,False,False,False,False,False,False,False,False
Movie 1077,Animation,199987907,517708813,1.5887005907812215,1,49.55044339936581,153,3.8528451215875066,False,False,False,False,False,False,False,False,False
Movie 1078,Comedy,16876696,24066041,0.42599244544074266,1,17.780905094739804,103,6.838651209422535,False,False,False,False,False,False,False,False,False
Movie 1079,Horror,10451244,15018530,0.43700883837369026,1,6.046512825221798,161,3.3281077245201933,False,False,False,False,False,False,False,False,False
Movie 1080,Animation,111838825,188450217,0.6850160666476959,1,62.13538239116885,128,5.444293674714842,False,False,False,False,False,False,False,False,False
Movie 1081,Horror,75926168,122265372,0.6103192775381473,1,21.57055867520745,97,4.064456820727094,False,False,False,False,False,False,False,False,False
Movie 1082,Adventure,18606951,55581659,1.9871449115978217,1,59.18200481046705,86,3.657817695211119,False,False,False,False,False,False,False,False,False
Movie 1083,Animation,63056263,117502370,0.8634528024599237,1,12.124083712949576,83,6.402196701007365,False,False,False,False,False,False,False,False,False
Movie 1084,Thriller,8021862,5779785,-0.27949583276301687,0,33.86666067183757,169,8.57001463203373,False,False,False,False,False,False,False,False,False
Movie 1085,Unknown,113882279,229722576,1.017193351039278,1,78.38162324727146,148,3.328722287541293,False,False,False,False,False,False,False,False,False
Movie 1086,Comedy,9351245,8219377,-0.12103928407393882,0,44.268100662376575,139,5.5293254893082056,False,False,False,False,False,False,False,False,False
Movie 1087,Comedy,106945887,61744578,-0.42265588951541444,0,63.1467960748363,134,7.245212626472663,False,False,False,False,False,False,False,False,False
Movie 1088,Adventure,109146354,319455593,1.926855376222645,1,65.09833613380906,95,5.776126990126962,False,False,False,False,False,False,False,False,False
Movie 1089,Animation,171858336,418276934,1.4338472240299127,1,84.53174935474206,178,7.838975676631471,False,False,False,False,False,False,False,False,False
Movie 1090,Romance,6345854,18721998,1.950272414083274,1,33.16735664625749,169,4.07787189518479,False,False,False,False,False,False,False,False,False
Movie 1091,Drama,12683982,21495495,0.6946961135706436,1,69.04226069566924,161,8.757565230166442,False,False,False,False,False,False,False,False,False
Movie 1092,Horror,65365536,119661015,0.8306438273526894,1,96.1999648975704,108,5.310975766635243,False,False,False,False,False,False,False,False,False
Movie 1093,Action,193039576,177759024,-0.07915761273740055,0,73.29409010142894,102,5.049417797665651,False,False,False,False,False,False,False,False,False
Movie 1094,Drama,185092816,206798385,0.11726856540990764,1,49.49717719505671,93,8.247634767018996,False,False,False,False,False,False,False,False,False
Movie 1095,Thriller,106546976,276635695,1.5963730308028639,1,63.44102700470099,158,6.383202191350599,False,False,False,False,False,False,False,False,False
Movie 1096,Science Fiction,71790126,99821594,0.39046411480041143,1,74.22860687854771,128,6.098666051416929,False,False,False,False,False,False,False,False,False
Movie 1097,Comedy,39187510,100595805,1.5670374310590287,1,61.61530080369337,112,7.361867517170586,False,False,False,False,False,False,False,False,False
Movie 1098,Science Fiction,137826817,313216170,1.2725343065856334,1,2.650905535494076,104,6.479005429686542,False,False,False,False,False,False,False,False,False
Movie 1099,Science Fiction,188058125,177325142,-0.057072689627209676,0,20.28257627103536,100,3.975093868542692,False,False,False,False,False,False,False,False,False
Movie 1100,Science Fiction,18691444,33057985,0.7686158971987397,1,81.23635350433113,96,7.045185737189578,False,False,False,False,False,False,False,False,False
Movie 1101,Unknown,136171687,298688279,1.193468301527321,1,27.992414083935984,102,3.8008132756927706,False,False,False,False,False,False,False,False,False
Movie 1102,Horror,179350183,195060010,0.08759303579857512,1,73.42464983655226,136,7.835146232004372,False,False,False,False,False,False,False,False,False
Movie 1103,Comedy,185036390,476787203,1.5767212762851675,1,37.83990130892817,160,8.938419586273625,False,False,False,False,False,False,False,False,False
Movie 1104,Unknown,11016389,20513278,0.8620691408046683,1,52.666548487636376,137,5.264325749848657,False,False,False,False,False,False,False,False,False
Movie 1105,Adventure,88255618,80586657,-0.08689487619926926,0,7.729356682120966,93,5.668535389212075,False,False,False,False,False,False,False,False,False
Movie 1106,Romance,12630982,24724655,0.9574610271790428,1,18.941330543921246,172,3.2786019328968736,False,False,False,False,False,False,False,False,False
Movie 1107,Animation,185894642,557550920,1.9992845086949844,1,95.76249938840422,99,3.08239912849547,False,False,False,False,False,True,False,False,False
Movie 1108,Thriller,97231367,85204209,-0.12369627591474673,0,89.12366729124449,109,8.528516009257967,False,False,False,False,False,False,False,False,False
Movie 1109,Romance,27704425,70421665,1.5418923150363164,1,65.57523597900597,98,3.771744362635152,False,False,False,False,False,False,False,False,False
Movie 1110,Romance,62298111,63436453,0.018272496255945868,1,46.504815141188,132,5.6746724853568224,False,False,False,False,False,False,False,False,False
Movie 1111,Science Fiction,180232243,442645130,1.4559708220465302,1,67.90036799662715,135,7.892127743133368,False,False,False,False,False,False,False,False,False
Movie 1112,Horror,190086734,444127162,1.336444804191333,1,62.24241862029996,156,8.335912559569916,False,False,False,False,False,False,False,False,False
Movie 1113,Romance,16586926,20753951,0.2512234635881296,1,57.2866733048566,161,6.116386111700805,False,False,False,False,False,False,False,False,False
Movie 1114,Thriller,144714291,190235299,0.3145577930516897,1,6.85853011449064,102,6.390195149855699,False,False,False,False,False,False,False,False,False
Movie 1115,Science Fiction,82143014,203821746,1.4813034739631055,1,63.64745845548918,141,7.018103834779635,False,False,False,False,False,False,False,False,False
Movie 1116,Adventure,46745050,77298258,0.653613762312801,1,77.12308441254567,112,8.768294820862291,False,False,False,False,False,False,False,False,False
Movie 1117,Horror,166773731,388089988,1.3270450668277007,1,99.41408380991196,97,6.616019765667031,False,False,False,False,False,False,False,False,False
Movie 1118,Action,115567717,100539333,-0.1300396372803661,0,2.096776706836658,152,6.356851556738078,False,False,False,False,False,False,False,False,False
Movie 1119,Comedy,11321336,29790900,1.631394386669559,1,73.28717187775699,112,3.087204811595944,False,False,False,False,False,False,False,False,False
Movie 1120,Science Fiction,84667964,192806886,1.2772117916996326,1,57.60714227766207,111,3.485698212134136,False,False,False,False,False,False,False,False,False
Movie 1121,Romance,123715546,342365084,1.767357014291478,1,43.97116543201472,140,6.463029759743978,False,False,False,False,False,False,False,False,False
Movie 1122,Drama,78859104,65526470,-0.16906905257254762,0,13.629447282565716,133,8.61744232684322,False,False,False,False,False,False,False,False,False
Movie 1123,Drama,145020733,287508860,0.9825362487996803,1,41.499429714852745,96,8.20014809039637,False,False,False,False,False,False,False,False,False
Movie 1124,Unknown,74205955,148248765,0.9978014567698779,1,36.08334111562739,98,8.895473537953228,False,False,False,False,False,False,False,False,False
Movie 1125,Action,32738453,45298621,0.3836518481798758,1,30.98015900889548,170,6.167004225367644,False,False,False,False,False,False,False,False,False
Movie 1126,Unknown,115091841,189460282,0.6461660562020204,1,73.35708270889856,149,7.727585630626601,False,False,False,False,False,False,False,False,False
Movie 1127,Action,54509641,32430723,-0.4050461091827774,0,70.37182660714211,178,8.042401988936042,False,False,False,False,False,False,False,False,False
Movie 1128,Unknown,8583354,20296628,1.364649995794185,1,59.31298900711025,113,6.888189943985171,False,False,False,False,False,False,False,False,False
Movie 1129,Thriller,20908425,39167882,0.8733061911645664,1,93.92781651604383,163,5.032499425287043,False,False,False,False,False,False,False,False,False
Movie 1130,Science Fiction,128052640,82511055,-0.35564737283042347,0,35.63558403390459,104,5.819870607946767,False,False,False,False,False,False,False,False,False
Movie 1131,Romance,174585525,384418074,1.2018897271122564,1,25.136391833307776,147,8.147502433461407,False,False,False,False,False,False,False,False,False
Movie 1132,Adventure,38612325,64365015,0.66695517558189,1,65.93442799674156,153,4.791287555892984,False,False,False,False,False,False,False,False,False
Movie 1133,Science Fiction,157686220,92428274,-0.41384685358048406,0,20.68259203280289,153,8.542458787599891,False,False,False,False,False,False,False,False,False
Movie 1134,Comedy,17413486,50917369,1.9240192917144792,1,32.18604021115904,167,4.37883804853599,False,False,False,False,False,False,False,False,False
Movie 1135,Thriller,146823971,421793019,1.8727803513773646,1,23.2356415674136,164,7.497098490940684,False,False,False,False,False,False,False,False,False
Movie 1136,Action,84752812,151051211,0.7822560388910754,1,7.846203204131622,90,6.78335540607443,False,False,False,False,False,False,False,False,False
Movie 1137,Action,11688727,8581641,-0.26581902374826616,0,82.92237542193166,170,7.497596646724574,False,False,False,False,False,False,False,False,False
Movie 1138,Adventure,179060211,427336693,1.3865530516994644,1,26.199513749244456,95,5.624085434595569,False,False,False,False,False,False,False,False,False
Movie 1139,Comedy,96723191,167314459,0.7298277411050262,1,47.82972283095905,169,8.595846375323909,False,False,False,False,False,False,False,False,False
Movie 1140,Comedy,10828366,13601712,0.25611860552183036,1,5.288212052176883,140,6.794833214468865,False,False,False,False,False,False,False,False,False
Movie 1141,Unknown,172200135,297655758,0.7285454392936451,1,70.23460715901166,173,4.729774827325538,False,False,False,False,False,False,False,False,False
Movie 1142,Romance,108019524,195095181,0.8061103564944426,1,33.72553922832279,159,6.830730423912862,False,False,False,False,False,False,False,False,False
Movie 1143,Thriller,180320878,343832108,0.9067792471596107,1,74.7289360550918,86,4.720894483242187,False,False,False,False,False,False,False,False,False
Movie 1144,Romance,146836355,235387382,0.6030592832408568,1,41.82790298631875,95,4.761794350559246,False,False,False,False,False,False,False,False,False
Movie 1145,Comedy,150261131,302684257,1.014388251875996,1,20.37980503415684,178,5.397591069725207,False,False,False,False,False,False,False,False,False
Movie 1146,Action,94982380,265650213,1.7968367711990372,1,51.804333145921554,95,8.114582505414713,False,False,False,False,False,False,False,False,False
Movie 1147,Thriller,140743361,197838750,0.40567021132883135,1,13.91995140410654,119,6.001787246363952,False,False,False,False,False,False,False,False,False
Movie 1148,Action,53411802,123610461,1.3142911561006685,1,44.61337682742648,91,7.0734050533812445,False,False,False,False,False,False,False,False,False
Movie 1149,Thriller,70353566,192496600,1.73613138529467,1,32.41324226462817,114,5.351806441646778,False,False,False,False,False,False,False,False,False
Movie 1150,Unknown,155372722,254803214,0.6399481885887279,1,91.28399883576368,100,4.581632638841288,False,False,False,False,False,False,False,False,False
Movie 1151,Unknown,28695858,46161293,0.6086395813639724,1,7.0319434503512745,129,8.727840964297389,False,False,False,False,False,False,False,False,False
Movie 1152,Drama,13920739,27915153,1.0052924632808646,1,69.70772399646846,122,6.621487482738376,False,False,False,False,False,False,False,False,False
Movie 1153,Drama,184500067,365036500,0.978516896690341,1,19.092365432756157,179,8.60370803149631,False,False,False,False,False,False,False,False,False
Movie 1154,Comedy,124175705,312484853,1.5164733552348264,1,32.585462358891746,96,4.22047801318989,False,False,False,False,False,False,False,False,False
Movie 1155,Drama,8726890,14758990,0.6912084373700138,1,42.13589224314453,111,3.8813649834775967,False,False,False,False,False,False,False,False,False
Movie 1156,Science Fiction,157892442,472146933,1.9903073701273175,1,90.89349384812245,120,8.134937442743421,False,False,False,False,False,False,False,False,False
Movie 1157,Adventure,143575684,93134519,-0.3513210844254101,0,25.01524834130869,85,7.085503275703509,False,False,False,False,False,False,False,False,False
Movie 1158,Unknown,62413011,31700792,-0.49208039330132625,0,10.039571451922352,167,4.119470995521848,False,False,False,False,False,False,False,False,False
Movie 1159,Unknown,93663037,196738813,1.1004957697453266,1,32.550270795061834,106,4.616158203981227,False,False,False,False,False,False,False,False,False
Movie 1160,Action,144669065,180270281,0.24608727511994358,1,11.3629210830178,99,7.803983649151867,False,False,False,False,False,False,False,False,False
Movie 1161,Comedy,129953191,143072741,0.10095596652182247,1,13.731052110094698,104,5.723211719975616,False,False,False,False,False,False,False,False,False
Movie 1162,Adventure,90729573,116110962,0.2797476959359216,1,57.81120919952764,145,7.0232430390365455,False,False,False,False,False,False,False,False,False
Movie 1163,Thriller,172158661,196281345,0.14011891042763164,1,7.029291376849839,88,4.9101121328160655,False,False,False,False,False,False,False,False,False
Movie 1164,Action,112030983,64639090,-0.42302487875162176,0,4.062157257963038,171,5.28737971664926,False,False,False,False,False,False,False,False,False
Movie 1165,Horror,106251630,311193238,1.9288326023798412,1,71.72699604557928,132,8.94427535173863,False,False,False,False,False,False,False,False,False
Movie 1166,Drama,163906457,172407255,0.0518637163879395,1,36.80306238926341,140,4.485702523048311,False,False,False,False,False,False,False,False,False
Movie 1167,Action,43019117,100452839,1.3350744042468374,1,13.412159574153454,117,6.038738262219084,False,False,False,False,False,False,False,False,False
Movie 1168,Action,122768331,295440882,1.406490986669844,1,26.10766431511112,82,8.066414059143193,False,False,False,False,False,False,False,False,False
Movie 1169,Science Fiction,159279897,449670005,1.8231434943733045,1,64.56656422788751,163,4.435339281995148,False,False,False,False,False,False,False,False,False
Movie 1170,Adventure,102918860,59319718,-0.42362635963903994,0,28.278120146944268,149,5.491282540105984,False,False,False,False,False,False,False,False,False
Movie 1171,Unknown,61628583,165172050,1.6801208458743893,1,49.957591386920384,176,6.69054772421993,False,False,False,False,False,False,False,False,False
Movie 1172,Action,26291709,47800047,0.8180654213082915,1,13.047835365940555,134,5.887128908850615,False,False,False,False,False,False,False,False,False
Movie 1173,Comedy,165474065,344411145,1.0813602723786353,1,59.22127012293925,80,5.757013599421905,False,False,False,False,False,False,False,False,False
Movie 1174,Drama,26836512,56656591,1.1111756624705924,1,32.291690700483144,149,5.175058387932742,False,False,False,False,False,False,False,False,False
Movie 1175,Adventure,78782638,200855903,1.5494945091836096,1,63.06987501834293,124,6.519877966649551,False,False,False,False,False,False,False,False,False
Movie 1176,Action,166766759,222386525,0.3335183002507112,1,81.03109334809827,177,6.746236187541662,False,False,False,False,False,False,False,False,False
Movie 1177,Drama,131837162,307527052,1.3326279732872284,1,61.55299551960925,126,6.919737245408175,False,False,False,False,False,False,False,False,False
Movie 1178,Science Fiction,171564587,312495506,0.8214452729688324,1,30.279008696907045,158,3.422208647436176,False,False,False,False,False,False,False,False,False
Movie 1179,Romance,12309411,30570238,1.4834850343367363,1,26.318626453281738,105,6.786205054272293,False,False,False,False,False,False,False,False,False
Movie 1180,Drama,188907055,562256362,1.9763650807006652,1,33.41467491461135,93,8.719423072687396,False,False,False,False,False,True,False,False,False
Movie 1181,Horror,40302467,40368061,0.0016275430484193436,1,17.297430810413978,133,6.245917413168503,False,False,False,False,False,False,False,False,False
Movie 1182,Romance,173162180,517169907,1.9866215994739729,1,18.93601323415199,150,7.291602495055466,False,False,False,False,False,False,False,False,False
Movie 1183,Horror,99881316,72367048,-0.27546961836185657,0,79.27841908811662,125,6.3403938465553065,False,False,False,False,False,False,False,False,False
Movie 1184,Thriller,85776775,43385366,-0.4942061414642833,0,39.088525074237054,110,8.128443711551872,False,False,False,False,False,False,False,False,False
Movie 1185,Comedy,114246334,69736515,-0.3895951619769261,0,44.163522876488,167,8.577498567585414,False,False,False,False,False,False,False,False,False
Movie 1186,Comedy,119279273,161558528,0.3544560084634319,1,59.81089709111431,138,4.105319395778156,False,False,False,False,False,False,False,False,False
Movie 1187,Science Fiction,92253744,192096818,1.0822658211031522,1,59.37569602000322,174,5.62116021934276,False,False,False,False,False,False,False,False,False
Movie 1188,Action,60220571,40502781,-0.32742615476030607,0,7.670310280670647,108,5.354292605596328,False,False,False,False,False,False,False,False,False
Movie 1189,Romance,190902201,98155141,-0.48583546713534226,0,83.32253784742889,175,5.4312907397956725,False,False,False,False,False,False,False,False,False
Movie 1190,Science Fiction,28580296,81245995,1.8427275560756964,1,18.555328769170004,96,3.753145087367256,False,False,False,False,False,False,False,False,False
Movie 1191,Horror,64655986,165184185,1.5548165795507318,1,72.58409196891722,93,7.881694355884315,False,False,False,False,False,False,False,False,False
Movie 1192,Horror,180301837,454893949,1.5229579274891136,1,77.49442782468849,115,3.2145974580896115,False,False,False,False,False,False,False,False,False
Movie 1193,Romance,120999784,328037757,1.7110606825546069,1,71.77505387504006,137,6.169359646362942,False,False,False,False,False,False,False,False,False
Movie 1194,Horror,154271050,347123080,1.2500856771247748,1,58.318787008860376,103,6.971270328268147,False,False,False,False,False,False,False,False,False
Movie 1195,Unknown,58292182,44360952,-0.23898968132639126,0,2.446290713779403,142,4.244816628353263,False,False,False,False,False,False,False,False,False
Movie 1196,Adventure,175034265,262157652,0.49775046617300905,1,36.67717374395389,170,8.435101152592773,False,False,False,False,False,False,False,False,False
Movie 1197,Action,114378925,263972114,1.3078737101262317,1,60.87910350689553,104,8.031295242148758,False,False,False,False,False,False,False,False,False
Movie 1198,Comedy,108334614,130092121,0.20083615196155127,1,39.35767829633133,138,5.826502376903552,False,False,False,False,False,False,False,False,False
Movie 1199,Drama,197889400,439020782,1.2185159083811463,1,86.4845095963685,111,5.466893594040832,False,False,False,False,False,False,False,False,False
Movie 1200,Drama,85380672,47919570,-0.4387538903418329,0,31.57142525961192,161,4.4194075512666,False,False,False,False,False,False,False,False,False
Movie 1201,Thriller,81908854,103642823,0.2653433412705298,1,30.059944453407383,97,7.379959347869782,False,False,False,False,False,False,False,False,False
Movie 1202,Thriller,172350386,322782256,0.8728258374773817,1,27.333771616173134,116,3.790462797791785,False,False,False,False,False,False,False,False,False
Movie 1203,Adventure,124589543,259174228,1.0802245658770897,1,33.945306027118754,105,7.0814265230626985,False,False,False,False,False,False,False,False,False
Movie 1204,Drama,195967438,380686670,0.9426016581387363,1,56.18309146710453,88,8.054741916710482,False,False,False,False,False,False,False,False,False
Movie 1205,Thriller,104090836,233620503,1.2443906877642907,1,70.9945141329865,178,4.370829455502142,False,False,False,False,False,False,False,False,False
Movie 1206,Animation,19492846,10043140,-0.48477815912566075,0,66.59422385613972,143,8.198564417392538,False,False,False,False,False,False,False,False,False
Movie 1207,Animation,98483912,74094666,-0.2476470065486432,0,80.96406417816648,151,3.1999391966370507,False,False,False,False,False,False,False,False,False
Movie 1208,Comedy,78652169,210186959,1.6723606185609452,1,88.70548555424506,99,8.476724312319153,False,False,False,False,False,False,False,False,False
Movie 1209,Romance,163306360,359987903,1.2043716056129106,1,81.79182519199178,133,3.710173367107788,False,False,False,False,False,False,False,False,False
Movie 1210,Unknown,20894388,16346287,-0.21767093632988915,0,2.8755949340611027,165,6.874555067628196,False,False,False,False,False,False,False,False,False
Movie 1211,Adventure,178045145,463840735,1.6051860891797975,1,73.85587740164688,162,4.500494813483651,False,False,False,False,False,False,False,False,False
Movie 1212,Drama,91190760,100818502,0.10557804321402739,1,21.63155778821483,109,8.019314347017684,False,False,False,False,False,False,False,False,False
Movie 1213,Thriller,100508798,170427714,0.6956497081976843,1,14.15987622809028,132,6.073802165492799,False,False,False,False,False,False,False,False,False
Movie 1214,Drama,170670899,147287497,-0.13700872343796583,0,64.21038969511442,171,3.811447147479008,False,False,False,False,False,False,False,False,False
Movie 1215,Action,161612888,367713786,1.2752751377105518,1,32.6545763453618,178,6.425949427955871,False,False,False,False,False,False,False,False,False
Movie 1216,Romance,193653386,419673234,1.167136049973327,1,6.6545991736738825,142,5.447295661181899,False,False,False,False,False,False,False,False,False
Movie 1217,Comedy,146367425,150433684,0.02778117467052522,1,14.625343705437771,90,6.968686899678607,False,False,False,False,False,False,False,False,False
Movie 1218,Unknown,122118598,324652526,1.6585019097582498,1,1.0920122701261454,110,8.291419708580758,False,False,False,False,False,False,False,False,False
Movie 1219,Animation,148975377,223949479,0.5032650597017788,1,90.41913910712604,128,5.456334787100511,False,False,False,False,False,False,False,False,False
Movie 1220,Unknown,187130906,230411988,0.2312877275333664,1,3.43718040028262,179,4.739284077203158,False,False,False,False,False,False,False,False,False
Movie 1221,Horror,187636634,165274845,-0.11917602934616701,0,21.736121181441597,173,3.087090567165653,False,False,False,False,False,False,False,False,False
Movie 1222,Thriller,64213072,74835200,0.16542002538050196,1,42.21001528810282,166,6.449034227159249,False,False,False,False,False,False,False,False,False
Movie 1223,Adventure,106519743,59125626,-0.4449327013490823,0,36.30056126913109,98,5.413648604588602,False,False,False,False,False,False,False,False,False
Movie 1224,Action,160364010,314015780,0.9581437256401857,1,91.2608618143648,91,5.247895314088972,False,False,False,False,False,False,False,False,False
Movie 1225,Action,142075386,370188338,1.605576859034541,1,4.98860562771967,94,4.097611927705275,False,False,False,False,False,False,False,False,False
Movie 1226,Adventure,65164715,122017743,0.8724511110038615,1,51.7092560600281,110,5.580332071147646,False,False,False,False,False,False,False,False,False
Movie 1227,Unknown,163132730,170993265,0.048184904402690985,1,68.36746678991302,122,8.90665172150021,False,False,False,False,False,False,False,False,False
Movie 1228,Adventure,69105394,40369501,-0.41582706264579,0,93.23809939443572,116,4.7865249220334665,False,False,False,False,False,False,False,False,False
Movie 1229,Romance,65991256,68404568,0.036570178327868165,1,62.41675396024838,158,6.598226480448601,False,False,False,False,False,False,False,False,False
Movie 1230,Animation,175003379,269558329,0.5403035675099737,1,80.5717683651645,108,7.658921287894,False,False,False,False,False,False,False,False,False
Movie 1231,Horror,189658373,454995855,1.399028568066436,1,9.288768846689493,105,7.49494693905919,False,False,False,False,False,False,False,False,False
Movie 1232,Thriller,146509876,142057020,-0.030392872627917587,0,39.20801158275581,81,4.9726457249555445,False,False,False,False,False,False,False,False,False
Movie 1233,Comedy,172136855,395825020,1.2994786328587216,1,38.02076631342768,163,6.665160501101102,False,False,False,False,False,False,False,False,False
Movie 1234,Romance,131978076,352029565,1.6673336638124654,1,88.74253342911605,94,8.227588111620943,False,False,False,False,False,False,False,False,False
Movie 1235,Comedy,78688894,128645885,0.6348671135217633,1,15.985745955064218,83,3.092684566398468,False,False,False,False,False,False,False,False,False
Movie 1236,Action,119485994,305117042,1.553579978587281,1,16.036731061326396,165,5.614406141059845,False,False,False,False,False,False,False,False,False
Movie 1237,Comedy,32199893,60749714,0.8866433500260389,1,33.52725683869405,129,4.345640509451432,False,False,False,False,False,False,False,False,False
Movie 1238,Drama,141003993,295082876,1.0927270903597743,1,6.39213868931692,117,5.3317937423930335,False,False,False,False,False,False,False,False,False
Movie 1239,Comedy,57240283,103930961,0.8156961418237573,1,19.06334602459652,102,5.49593764785145,False,False,False,False,False,False,False,False,False
Movie 1240,Science Fiction,109150641,180964317,0.6579317843859479,1,96.55575421602778,138,7.480025788719821,False,False,False,False,False,False,False,False,False
Movie 1241,Drama,166516756,180942702,0.0866335998042143,1,43.39021004685012,169,3.562931234372659,False,False,False,False,False,False,False,False,False
Movie 1242,Romance,66170480,83241481,0.2579851468509825,1,63.5699016338212,154,6.075503418795063,False,False,False,False,False,False,False,False,False
Movie 1243,Animation,164386192,201360805,0.22492529664535327,1,72.88501467511905,107,6.385168750792472,False,False,False,False,False,False,False,False,False
Movie 1244,Romance,102233747,195084718,0.9082223211480256,1,37.32917929371285,145,5.964945621310826,False,False,False,False,False,False,False,False,False
Movie 1245,Drama,93294504,74624802,-0.20011577530869343,0,15.57548036664118,87,7.39123951837632,False,False,False,False,False,False,False,False,False
Movie 1246,Animation,102630640,286542614,1.791979217902178,1,21.4515206059563,108,5.3027475354410845,False,False,False,False,False,False,False,False,False
Movie 1247,Drama,171184309,394004287,1.301637862147751,1,32.013381181480426,90,8.669802381840457,False,False,False,False,False,False,False,False,False
Movie 1248,Romance,99138587,149066175,0.5036140771302299,1,63.97077361487034,97,5.890820655233648,False,False,False,False,False,False,False,False,False
Movie 1249,Comedy,151623294,135939435,-0.10343964034972093,0,40.42977435981639,134,6.427283457688786,False,False,False,False,False,False,False,False,False
Movie 1250,Science Fiction,10427504,28206194,1.704980405665632,1,1.6746550921126837,129,7.953184940080496,False,False,False,False,False,False,False,False,False
Movie 1251,Romance,142240064,364055652,1.5594452207220604,1,52.81731132167971,93,4.651416635586735,False,False,False,False,False,False,False,False,False
Movie 1252,Horror,20655820,47597286,1.3043038717417172,1,92.22982579883436,153,3.451212172576815,False,False,False,False,False,False,False,False,False
Movie 1253,Thriller,96855581,114179908,0.1788676173446319,1,81.39568348985922,178,7.246703870174895,False,False,False,False,False,False,False,False,False
Movie 1254,Action,97231290,146441659,0.5061165906571845,1,82.69592575470348,88,5.898071133290272,False,False,False,False,False,False,False,False,False
Movie 1255,Action,100017426,75700252,-0.24312937227558726,0,79.71074374300699,178,8.379025505753969,False,False,False,False,False,False,False,False,False
Movie 1256,Adventure,159428477,155059947,-0.02740119006468336,0,33.04935173543194,90,8.896080292334604,False,False,False,False,False,False,False,False,False
Movie 1257,Unknown,76761695,188645058,1.4575415902423727,1,76.75418954168481,142,5.394656103448375,False,False,False,False,False,False,False,False,False
Movie 1258,Thriller,132992221,304232578,1.2875967910935182,1,15.172974423308109,155,5.492634097557965,False,False,False,False,False,False,False,False,False
Movie 1259,Adventure,14691164,29143073,0.9837143605503281,1,66.1138985803194,146,5.447775613234358,False,False,False,False,False,False,False,False,False
Movie 1260,Adventure,157979628,432756251,1.7393168124183709,1,64.51528810181445,132,4.947324658385557,False,False,False,False,False,False,False,False,False
Movie 1261,Comedy,12707868,24884118,0.9581662321327228,1,3.531410109883732,118,7.690122586598385,False,False,False,False,False,False,False,False,False
Movie 1262,Comedy,149463901,249219097,0.6674199946112741,1,79.00904322550223,157,7.553974574944366,False,False,False,False,False,False,False,False,False
Movie 1263,Comedy,104357583,140979462,0.35092686077254204,1,90.42156240441793,135,5.871869223303149,False,False,False,False,False,False,False,False,False
Movie 1264,Unknown,11055079,31519370,1.8511211905405651,1,27.474112568738654,107,3.2679672982733923,False,False,False,False,False,False,False,False,False
Movie 1265,Romance,108174930,76456813,-0.2932113475830306,0,81.42668169442894,154,4.857355809078441,False,False,False,False,False,False,False,False,False
Movie 1266,Animation,14781009,41789141,1.827218426022202,1,9.158191214332872,118,4.753818279329025,False,False,False,False,False,False,False,False,False
Movie 1267,Animation,190170432,488126926,1.566786649567058,1,60.396817967845536,104,7.86652347720155,False,False,False,False,False,False,False,False,False
Movie 1268,Comedy,110640269,91258839,-0.17517518870096022,0,49.07903966809344,100,3.5254534404970483,False,False,False,False,False,False,False,False,False
Movie 1269,Adventure,115070898,220068592,0.9124608899810619,1,55.046429797591,89,7.834052274256225,False,False,False,False,False,False,False,False,False
Movie 1270,Science Fiction,68812526,183479651,1.6663699425886502,1,92.69431498655015,122,7.015101913194858,False,False,False,False,False,False,False,False,False
Movie 1271,Thriller,119746097,231052837,0.9295229054521918,1,87.2602094774385,94,7.394648754782695,False,False,False,False,False,False,False,False,False
Movie 1272,Adventure,105755393,292730880,1.7679995477866552,1,78.72328206673595,162,5.593279125510141,False,False,False,False,False,False,False,False,False
Movie 1273,Action,148986933,425724133,1.8574595397570872,1,28.096147310158727,127,7.078354776010549,False,False,False,False,False,False,False,False,False
Movie 1274,Drama,15013403,23360274,0.5559612967160077,1,91.27004423992308,165,6.654173668241495,False,False,False,False,False,False,False,False,False
Movie 1275,Action,188208816,271638801,0.4432841498774425,1,10.65326155392365,100,7.613881171371776,False,False,False,False,False,False,False,False,False
Movie 1276,Thriller,111651505,317179917,1.8408028803552625,1,85.47959243931999,139,5.680619006809513,False,False,False,False,False,False,False,False,False
Movie 1277,Adventure,66954738,146486933,1.187850141389546,1,33.48784716300717,175,5.836953749377814,False,False,False,False,False,False,False,False,False
Movie 1278,Science Fiction,130880894,103403327,-0.20994330157922056,0,6.323458854536354,129,6.861457336438921,False,False,False,False,False,False,False,False,False
Movie 1279,Horror,174866627,105921852,-0.3942706288947862,0,67.26634143983408,102,3.6484649619983296,False,False,False,False,False,False,False,False,False
Movie 1280,Drama,94900039,181408316,0.9115726180049304,1,23.89671290327959,92,5.617466690185903,False,False,False,False,False,False,False,False,False
Movie 1281,Action,56849014,160622762,1.825427403191197,1,25.11354146059856,148,8.831705071558833,False,False,False,False,False,False,False,False,False
Movie 1282,Horror,38003110,99211745,1.6106217359579256,1,31.298669456648376,83,3.2253139203602736,False,False,False,False,False,False,False,False,False
Movie 1283,Animation,14942402,32718172,1.18961931287888,1,7.304791982749156,171,4.896028337198363,False,False,False,False,False,False,False,False,False
Movie 1284,Science Fiction,96785737,82053943,-0.15221038199047862,0,18.53558727562715,157,4.8846589145362245,False,False,False,False,False,False,False,False,False
Movie 1285,Animation,90097673,102312976,0.13557845162105353,1,1.50882313097047,151,6.800784715414636,False,False,False,False,False,False,False,False,False
Movie 1286,Action,97337874,261719940,1.688778059812566,1,45.09554258947289,88,3.63480215654484,False,False,False,False,False,False,False,False,False
Movie 1287,Unknown,82602413,79052003,-0.04298191627888643,0,9.341282364379158,114,6.771264185273167,False,False,False,False,False,False,False,False,False
Movie 1288,Unknown,115153633,137735090,0.19609851996593108,1,68.5826078993757,100,3.5702414439097163,False,False,False,False,False,False,False,False,False
Movie 1289,Thriller,145887163,120211259,-0.1759983775954297,0,24.32666226797319,137,3.569721884509986,False,False,False,False,False,False,False,False,False
Movie 1290,Comedy,110033558,241003264,1.1902705718195534,1,94.41384025948254,97,7.369100143130893,False,False,False,False,False,False,False,False,False
Movie 1291,Drama,178946678,511779583,1.8599557629116759,1,87.25391111246661,176,4.944811042996778,False,False,False,False,False,False,False,False,False
Movie 1292,Horror,134799387,158041507,0.17242007191026767,1,29.654648601852617,151,8.864537686282487,False,False,False,False,False,False,False,False,False
Movie 1293,Action,118204767,199590701,0.6885165130438436,1,78.5383300110112,160,3.2241176186133296,False,False,False,False,False,False,False,False,False
Movie 1294,Romance,123287281,257158694,1.085849342398913,1,80.52124556181582,122,5.670639982307964,False,False,False,False,False,False,False,False,False
Movie 1295,Horror,146702236,439910951,1.9986656167940071,1,98.66974829732663,174,3.678815626044142,False,False,False,False,False,False,False,False,False
Movie 1296,Unknown,142667335,108715385,-0.23797984310844525,0,60.18615869772281,177,5.108273800548652,False,False,False,False,False,False,False,False,False
Movie 1297,Thriller,117376384,204989286,0.7464269984667444,1,9.114607729722556,85,8.989334703654304,False,False,False,False,False,False,False,False,False
Movie 1298,Horror,149056822,218040363,0.4628002937027599,1,65.03688566371171,165,8.33305507043119,False,False,False,False,False,False,False,False,False
Movie 1299,Horror,17701250,47165872,1.6645503566132336,1,62.87299508922749,157,3.289946453132381,False,False,False,False,False,False,False,False,False
Movie 1300,Comedy,188152343,317962280,0.6899193224503188,1,64.19670716462275,146,6.3795350629541,False,False,False,False,False,False,False,False,False
Movie 1301,Action,37992982,29537408,-0.22255620788070807,0,31.40741916231694,91,6.886933828946614,False,False,False,False,False,False,False,False,False
Movie 1302,Comedy,24656190,51434300,1.0860603361671044,1,86.10827892295296,179,4.257207743700754,False,False,False,False,False,False,False,False,False
Movie 1303,Adventure,85656124,207883262,1.426951539390225,1,95.98774611258578,91,3.870633440378701,False,False,False,False,False,False,False,False,False
Movie 1304,Drama,140796807,71412581,-0.4927968714517794,0,22.553538784837,145,8.42628680799314,False,False,False,False,False,False,False,False,False
Movie 1305,Unknown,179707509,475756170,1.6473917124965547,1,9.7270636555278,81,8.81289864890026,False,False,False,False,False,False,False,False,False
Movie 1306,Drama,115981624,111928936,-0.0349425008913481,0,20.258968283679923,94,8.95135714391785,False,False,False,False,False,False,False,False,False
Movie 1307,Animation,30822180,57951043,0.8801734011027124,1,82.23466178631617,102,7.738570642407807,False,False,False,False,False,False,False,False,False
Movie 1308,Animation,54517362,83929138,0.5394937487987772,1,67.9878188471649,108,6.981012416431543,False,False,False,False,False,False,False,False,False
Movie 1309,Animation,120168608,276283797,1.2991345376988972,1,63.96868689157353,160,5.074381513157988,False,False,False,False,False,False,False,False,False
Movie 1310,Romance,144078663,205730504,0.4279040332294033,1,40.77752037583303,175,4.028389873948514,False,False,False,False,False,False,False,False,False
Movie 1311,Thriller,159662049,427001451,1.67440793647838,1,58.20496917963214,86,3.47388359619739,False,False,False,False,False,False,False,False,False
Movie 1312,Drama,150322829,349687113,1.3262408998436293,1,31.479538402162373,173,7.159784811308952,False,False,False,False,False,False,False,False,False
Movie 1313,Action,175794015,372557254,1.1192829232553794,1,48.24280786237816,107,7.70834049107615,False,False,False,False,False,False,False,False,False
Movie 1314,Unknown,186527415,464565457,1.490601486113985,1,79.51323980869493,93,7.95872191472988,False,False,False,False,False,False,False,False,False
Movie 1315,Action,77106218,183902770,1.3850575838125014,1,98.14291814809076,123,8.48259001982279,False,False,False,False,False,False,False,False,False
Movie 1316,Adventure,109015503,64302433,-0.41015331553347967,0,93.31640343539038,109,8.279577381830242,False,False,False,False,False,False,False,False,False
Movie 1317,Animation,96277507,143148852,0.48683588161459146,1,93.45272834177864,160,8.998447633548555,False,False,False,False,False,False,False,False,False
Movie 1318,Adventure,30677043,86724560,1.8270182364056404,1,40.82014974986413,111,4.464384065803507,False,False,False,False,False,False,False,False,False
Movie 1319,Romance,186049252,151501891,-0.18568933026400988,0,47.4101981701723,149,7.579845691273263,False,False,False,False,False,False,False,False,False
Movie 1320,Animation,70071029,164158298,1.342741363195908,1,70.85790424052917,167,6.518757074248786,False,False,False,False,False,False,False,False,False
Movie 1321,Science Fiction,76094484,223449894,1.9364795219585167,1,92.29700087707714,85,4.567470794721494,False,False,False,False,False,False,False,False,False
Movie 1322,Unknown,135828941,85639681,-0.36950343299812666,0,15.05743167585638,106,8.891431933721657,False,False,False,False,False,False,False,False,False
Movie 1323,Comedy,186318110,410921741,1.2054847003332096,1,31.119944518892385,161,8.387388628645514,False,False,False,False,False,False,False,False,False
Movie 1324,Animation,50349430,84102950,0.6703853449780861,1,14.785437614816844,167,3.771094010664698,False,False,False,False,False,False,False,False,False
Movie 1325,Comedy,92636655,180450473,0.947938135287808,1,61.58884446598608,103,3.156950053940519,False,False,False,False,False,False,False,False,False
Movie 1326,Horror,105904657,75547440,-0.28664666748318723,0,31.323798691866216,113,7.129984573996062,False,False,False,False,False,False,False,False,False
Movie 1327,Action,56842822,34533002,-0.3924826251588987,0,33.28467739874477,119,6.62478377313921,False,False,False,False,False,False,False,False,False
Movie 1328,Animation,36393865,78871570,1.1671666364646898,1,8.020679989309944,126,8.614893744666876,False,False,False,False,False,False,False,False,False
Movie 1329,Science Fiction,99820870,255369093,1.5582735654377686,1,35.6298101189516,158,4.404031722962219,False,False,False,False,False,False,False,False,False
Movie 1330,Thriller,88558294,217414006,1.455038327635354,1,86.38715423275696,154,3.5063276873699225,False,False,False,False,False,False,False,False,False
Movie 1331,Action,154021524,286405229,0.8595143169729966,1,24.07420837719266,165,4.555292002631919,False,False,False,False,False,False,False,False,False
Movie 1332,Horror,114954962,86177947,-0.25033295213476736,0,69.8235591547965,103,3.1135658430687805,False,False,False,False,False,False,False,False,False
Movie 1333,Comedy,7202258,15989812,1.2201109707538942,1,63.333206148920674,144,3.2153565071335946,False,False,False,False,False,False,False,False,False
Movie 1334,Adventure,89225315,98569187,0.10472220804151826,1,86.48497622854242,97,8.489146835524558,False,False,False,False,False,False,False,False,False
Movie 1335,Adventure,77989724,216629853,1.777671748139537,1,14.096506817452786,123,5.11209949501127,False,False,False,False,False,False,False,False,False
Movie 1336,Animation,71635601,185941907,1.5956633908885611,1,97.78140607415928,155,5.464854006058084,False,False,False,False,False,False,False,False,False
Movie 1337,Horror,76899393,174827495,1.2734574120760616,1,58.68023595799619,136,3.1102299272286267,False,False,False,False,False,False,False,False,False
Movie 1338,Horror,154003904,442316905,1.8721148848278548,1,99.55194108233462,107,4.623130681031079,False,False,False,False,False,False,False,False,False
Movie 1339,Science Fiction,22232430,12862673,-0.4214454740215082,0,91.23995786071924,150,7.828355902448586,False,False,False,False,False,False,False,False,False
Movie 1340,Drama,126917075,297049548,1.3405010555120342,1,22.930209939197475,102,6.692945758000315,False,False,False,False,False,False,False,False,False
Movie 1341,Horror,101355594,134357679,0.3256069418329293,1,6.560038980427997,164,7.522683606518492,False,False,False,False,False,False,False,False,False
Movie 1342,Romance,41473321,114680563,1.7651646946720279,1,26.308270285740797,113,5.68328244476271,False,False,False,False,False,False,False,False,False
Movie 1343,Thriller,55148094,64340619,0.1666879910663821,1,53.22880125094257,90,4.85837533050798,False,False,False,False,False,False,False,False,False
Movie 1344,Horror,21153729,48910409,1.3121412305130693,1,17.98804033945381,165,5.8968605599702215,False,False,False,False,False,False,False,False,False
Movie 1345,Thriller,120378390,324313533,1.6941175488391231,1,17.578514707280863,114,4.938426410434508,False,False,False,False,False,False,False,False,False
Movie 1346,Unknown,148008630,89418236,-0.3958579577420587,0,46.79676116341016,172,8.033826580044408,False,False,False,False,False,False,False,False,False
Movie 1347,Science Fiction,78582731,117411947,0.4941189432573933,1,4.293529145766484,121,4.786042293557074,False,False,False,False,False,False,False,False,False
Movie 1348,Comedy,78973011,189991104,1.4057725746331238,1,13.066920170694775,107,6.958581842718503,False,False,False,False,False,False,False,False,False
Movie 1349,Horror,141411684,231532957,0.6372972193726227,1,42.170272601386806,161,3.821893333857167,False,False,False,False,False,False,False,False,False
Movie 1350,Thriller,148796901,173814358,0.16813157284774366,1,7.249861011588679,157,7.121198962409459,False,False,False,False,False,False,False,False,False
Movie 1351,Romance,103368511,108486634,0.04951336679310395,1,40.278750589097406,161,8.479798269600202,False,False,False,False,False,False,False,False,False
Movie 1352,Thriller,191978987,159111352,-0.17120433602454627,0,47.926620328896064,171,6.65149892783945,False,False,False,False,False,False,False,False,False
Movie 1353,Science Fiction,138484130,365989168,1.6428238961388573,1,45.675394793238326,103,6.359132280206863,False,False,False,False,False,False,False,False,False
Movie 1354,Thriller,48044083,93128098,0.9383885004111745,1,87.04831088290564,87,8.76670960812984,False,False,False,False,False,False,False,False,False
Movie 1355,Horror,160116793,110634677,-0.3090376410424358,0,53.47618305012151,132,6.764379331895079,False,False,False,False,False,False,False,False,False
Movie 1356,Unknown,59436437,86566246,0.4564507963355879,1,47.33006578532629,151,4.557302599638495,False,False,False,False,False,False,False,False,False
Movie 1357,Animation,128812971,182828645,0.4193341212508793,1,41.66021529377496,83,4.754346143086442,False,False,False,False,False,False,False,False,False
Movie 1358,Science Fiction,65910615,62901662,-0.04565202433629242,0,81.94471445214413,170,7.231839855215563,False,False,False,False,False,False,False,False,False
Movie 1359,Science Fiction,15072989,23947498,0.5887690225210143,1,89.61060379598348,179,7.412619563353118,False,False,False,False,False,False,False,False,False
Movie 1360,Horror,84976173,113039419,0.33024840975128406,1,85.47100445051464,84,4.820977390734091,False,False,False,False,False,False,False,False,False
Movie 1361,Thriller,145162518,196623975,0.3545092611303422,1,67.68111123500769,176,5.072063867557981,False,False,False,False,False,False,False,False,False
Movie 1362,Thriller,97504946,228899334,1.3475663890937388,1,14.59881285089875,128,8.946339052434523,False,False,False,False,False,False,False,False,False
Movie 1363,Drama,54505232,57675172,0.05815845348571308,1,28.41012697970921,177,3.611715297481664,False,False,False,False,False,False,False,False,False
Movie 1364,Science Fiction,81218637,170936796,1.1046498970427194,1,5.560243304515766,109,5.427870170640595,False,False,False,False,False,False,False,False,False
Movie 1365,Animation,179817575,346440866,0.9266240577429653,1,93.1515834240213,151,3.3746851871850447,False,False,False,False,False,False,False,False,False
Movie 1366,Science Fiction,49730049,95493195,0.9202312670152406,1,66.41905443940013,142,7.926470171989446,False,False,False,False,False,False,False,False,False
Movie 1367,Comedy,37413676,80720693,1.1575183630713004,1,74.8899255470109,126,3.5540750336725937,False,False,False,False,False,False,False,False,False
Movie 1368,Unknown,119326552,223254619,0.8709550829894087,1,31.845602218640664,105,7.0440441387762665,False,False,False,False,False,False,False,False,False
Movie 1369,Thriller,34877350,94103895,1.6981377598928817,1,84.71969870545689,136,3.338900544020892,False,False,False,False,False,False,False,False,False
Movie 1370,Horror,132095752,289151026,1.188950224531066,1,26.70072508713937,116,7.037130226858147,False,False,False,False,False,False,False,False,False
Movie 1371,Unknown,62658869,117009681,0.8674081238204283,1,1.1627319541325187,177,8.05822168156622,False,False,False,False,False,False,False,False,False
Movie 1372,Science Fiction,87131989,224313272,1.57440779872476,1,38.265081289548704,86,5.392929161544345,False,False,False,False,False,False,False,False,False
Movie 1373,Romance,97337130,196169982,1.015366407454175,1,57.50538661494827,119,6.132758960593061,False,False,False,False,False,False,False,False,False
Movie 1374,Horror,32251097,39599851,0.22786059029247904,1,48.391780938586734,171,5.409250428031695,False,False,False,False,False,False,False,False,False
Movie 1375,Thriller,111338489,113313332,0.017737289393248368,1,86.3455381150831,118,4.802932551795833,False,False,False,False,False,False,False,False,False
Movie 1376,Action,110832220,97623176,-0.11918054154288348,0,11.435123309660527,141,7.819580403762769,False,False,False,False,False,False,False,False,False
Movie 1377,Horror,16985249,46686301,1.7486380093691885,1,55.82852062273883,171,4.6320154423859385,False,False,False,False,False,False,False,False,False
Movie 1378,Horror,96809238,220273794,1.2753385787418345,1,51.78495563226984,157,7.337660546336682,False,False,False,False,False,False,False,False,False
Movie 1379,Comedy,79987338,227439683,1.843446083928934,1,28.85790523504414,132,4.237182475531213,False,False,False,False,False,False,False,False,False
Movie 1380,Horror,44309893,88984434,1.0082294940319536,1,82.40058314512405,83,4.499122776469978,False,False,False,False,False,False,False,False,False
Movie 1381,Adventure,169787089,285836938,0.6835022008063287,1,75.53201693233842,161,5.018766975463274,False,False,False,False,False,False,False,False,False
Movie 1382,Romance,128395967,83366374,-0.3507087804401208,0,73.55305954585127,104,6.534938264362729,False,False,False,False,False,False,False,False,False
Movie 1383,Unknown,11971177,26086460,1.1791056969586198,1,87.74305534868604,86,5.726533914957247,False,False,False,False,False,False,False,False,False
Movie 1384,Comedy,61200291,119678509,0.955521894495567,1,72.5556754615306,107,7.470868858966922,False,False,False,False,False,False,False,False,False
Movie 1385,Action,104316389,310395734,1.9755222259466823,1,23.95228787975792,148,4.281403802017154,False,False,False,False,False,False,False,False,False
Movie 1386,Drama,21080673,23144406,0.09789692198157052,1,70.85070845331941,146,3.0640337270930047,False,False,False,False,False,False,False,False,False
Movie 1387,Romance,130914532,239160347,0.8268433866455712,1,31.46257852559454,174,7.65934483071132,False,False,False,False,False,False,False,False,False
Movie 1388,Horror,114474712,243532739,1.1273933320749476,1,24.975290384399585,99,7.929896003280435,False,False,False,False,False,False,False,False,False
Movie 1389,Romance,75052985,158472721,1.1114779245622277,1,8.227355697063105,162,3.356880978650337,False,False,False,False,False,False,False,False,False
Movie 1390,Action,141456523,269224843,0.9032338508702069,1,74.65882945442,90,6.665445132950379,False,False,False,False,False,False,False,False,False
Movie 1391,Drama,82266262,200920539,1.4423200242160024,1,71.38909523303131,146,5.269240703238467,False,False,False,False,False,False,False,False,False
Movie 1392,Adventure,190316724,192686742,0.0124530201560216,1,24.21544828973528,166,7.7633739311671,False,False,False,False,False,False,False,False,False
Movie 1393,Adventure,48226729,111599930,1.3140679932906085,1,75.18852265569144,86,8.24648732517887,False,False,False,False,False,False,False,False,False
Movie 1394,Drama,65504149,134240038,1.0493364168428476,1,91.86624742626176,102,8.106022600783493,False,False,False,False,False,False,False,False,False
Movie 1395,Romance,52048404,142622400,1.7401877682935292,1,11.694866791666346,140,7.663225484105113,False,False,False,False,False,False,False,False,False
Movie 1396,Animation,59771482,156480908,1.6179860823929377,1,24.03102720029072,150,4.614313372452978,False,False,False,False,False,False,False,False,False
Movie 1397,Drama,108454264,139674732,0.28786759366141657,1,75.27581861464424,113,7.8713378614099,False,False,False,False,False,False,False,False,False
Movie 1398,Romance,71860062,85556109,0.190593308978776,1,28.17616067720075,98,6.200870855437756,False,False,False,False,False,False,False,False,False
Movie 1399,Science Fiction,192918810,569907882,1.9541333061301798,1,62.84173345408796,137,3.316539688992545,False,False,False,False,False,True,False,False,False
Movie 1400,Science Fiction,150950631,274452844,0.8181629462681742,1,9.035258221907736,88,5.741633099389494,False,False,False,False,False,False,False,False,False
Movie 1401,Romance,4138145,11446325,1.7660521803851725,1,45.768045431250336,127,8.65294750217996,False,False,False,False,False,False,False,False,False
Movie 1402,Unknown,164281163,149446994,-0.0902974432923877,0,74.17005077730235,161,8.327156098413315,False,False,False,False,False,False,False,False,False
Movie 1403,Adventure,35780908,75392065,1.107047283428358,1,68.964880361282,120,3.613585685982696,False,False,False,False,False,False,False,False,False
Movie 1404,Unknown,172956216,436653991,1.5246504641382765,1,81.69213796690488,127,7.464760114286221,False,False,False,False,False,False,False,False,False
Movie 1405,Animation,47361481,135855845,1.8684881074559303,1,87.86776053371372,124,7.834757195749408,False,False,False,False,False,False,False,False,False
Movie 1406,Unknown,170273004,228736299,0.34335034695223915,1,77.54516662461707,104,4.628329129420589,False,False,False,False,False,False,False,False,False
Movie 1407,Animation,110981072,256638504,1.3124529198997104,1,67.48718655095367,157,5.829651424446554,False,False,False,False,False,False,False,False,False
Movie 1408,Action,188992985,349076189,0.8470325181646292,1,4.140526689787084,104,7.265927648782098,False,False,False,False,False,False,False,False,False
Movie 1409,Comedy,127192596,82875174,-0.34842768678139097,0,53.96170066753496,98,5.634248932926887,False,False,False,False,False,False,False,False,False
Movie 1410,Science Fiction,35954715,79999217,1.2249993359702616,1,4.732074766570427,118,3.6767815131994617,False,False,False,False,False,False,False,False,False
Movie 1411,Horror,90813693,202082388,1.2252413851290025,1,80.99871389448624,158,7.235294668090329,False,False,False,False,False,False,False,False,False
Movie 1412,Thriller,82250937,232483672,1.8265170036907907,1,32.7517279215358,159,8.469832138411821,False,False,False,False,False,False,False,False,False
Movie 1413,Adventure,178688705,311504644,0.7432811100175581,1,56.68050803767417,106,6.914908370436946,False,False,False,False,False,False,False,False,False
Movie 1414,Unknown,178310715,191795873,0.07562730035601058,1,28.66508542457136,153,7.6428044914142035,False,False,False,False,False,False,False,False,False
Movie 1415,Comedy,91740533,56091038,-0.3885904499813621,0,78.46751429364906,142,5.150175213946971,False,False,False,False,False,False,False,False,False
Movie 1416,Thriller,88182130,135721598,0.5391054627507863,1,88.76375013754836,147,4.099189470759809,False,False,False,False,False,False,False,False,False
Movie 1417,Thriller,120558836,151276232,0.2547917433443037,1,40.46560692709333,98,6.856641969709755,False,False,False,False,False,False,False,False,False
Movie 1418,Adventure,175599459,421916466,1.4027207623686357,1,86.42931695758791,107,4.966627235047313,False,False,False,False,False,False,False,False,False
Movie 1419,Adventure,91133874,126281421,0.38566940542876516,1,27.440425738176906,164,8.160441113938756,False,False,False,False,False,False,False,False,False
Movie 1420,Drama,25694812,73812920,1.8726779553786967,1,53.93143138447686,157,3.73576829986804,False,False,False,False,False,False,False,False,False
Movie 1421,Adventure,62399188,181318032,1.9057755046427847,1,86.01738155403169,112,5.600782198398743,False,False,False,False,False,False,False,False,False
Movie 1422,Thriller,106565962,218702284,1.05227147482608,1,33.26225291896325,89,5.380365602810315,False,False,False,False,False,False,False,False,False
Movie 1423,Unknown,167188327,471747062,1.8216507124926251,1,95.45018424273049,162,8.628323121323579,False,False,False,False,False,False,False,False,False
Movie 1424,Comedy,186425407,447819155,1.4021358580163914,1,13.06607067635698,109,3.918808803626424,False,False,False,False,False,False,False,False,False
Movie 1425,Romance,175004899,326760240,0.867149101923141,1,2.809231902627117,101,3.0590809500720657,False,False,False,False,False,False,False,False,False
Movie 1426,Adventure,136488624,129769267,-0.04923016148217598,0,90.50939990524088,82,4.4285112768427055,False,False,False,False,False,False,False,False,False
Movie 1427,Unknown,147170042,242314717,0.6464948552505,1,7.796217948639351,161,7.921661158611927,False,False,False,False,False,False,False,False,False
Movie 1428,Horror,17770274,33802369,0.902186145244581,1,99.19703039880169,154,4.255930896282102,False,False,False,False,False,False,False,False,False
Movie 1429,Thriller,51709813,137543135,1.659903933514515,1,95.1882893359315,127,4.445268382232896,False,False,False,False,False,False,False,False,False
Movie 1430,Animation,166572705,283728858,0.703333436291378,1,14.565070093595748,81,3.779392827220865,False,False,False,False,False,False,False,False,False
Movie 1431,Comedy,93983350,257907857,1.7441866777466435,1,54.22087794356402,155,7.292617219659243,False,False,False,False,False,False,False,False,False
Movie 1432,Comedy,167091374,365240430,1.1858724436606762,1,19.30710944924729,133,3.4150451430325037,False,False,False,False,False,False,False,False,False
Movie 1433,Adventure,72240343,60862319,-0.15750235294425444,0,43.38736212998187,85,4.98724981397113,False,False,False,False,False,False,False,False,False
Movie 1434,Unknown,43955157,131313984,1.9874534175819234,1,7.081087796723435,119,4.694992359725787,False,False,False,False,False,False,False,False,False
Movie 1435,Action,194583172,353768094,0.8180816478826853,1,23.168534191862364,172,6.330958378740929,False,False,False,False,False,False,False,False,False
Movie 1436,Drama,199663479,295431216,0.4796457393192072,1,36.964006843491056,173,7.382497590118413,False,False,False,False,False,False,False,False,False
Movie 1437,Comedy,118855520,255276033,1.147784410854456,1,44.42610252435943,81,6.197258608180484,False,False,False,False,False,False,False,False,False
Movie 1438,Comedy,86518073,66812135,-0.22776672337582,0,97.77212956268042,152,8.586155957850405,False,False,False,False,False,False,False,False,False
Movie 1439,Unknown,134930531,282186509,1.0913466130211849,1,80.97869892271414,81,8.708655833323991,False,False,False,False,False,False,False,False,False
Movie 1440,Comedy,172123438,300456952,0.7455899991958097,1,74.00358448688267,172,5.1687919709910926,False,False,False,False,False,False,False,False,False
Movie 1441,Unknown,53673683,81406079,0.5166851695271218,1,54.16709015945545,176,7.666082257649356,False,False,False,False,False,False,False,False,False
Movie 1442,Action,159973394,461131315,1.882550050791571,1,84.15977829983,153,7.432808299609138,False,False,False,False,False,False,False,False,False
Movie 1443,Horror,140921122,254552768,0.8063492852405759,1,34.5929607299154,177,8.357787550228963,False,False,False,False,False,False,False,False,False
Movie 1444,Animation,125681459,131688240,0.04779369246501188,1,71.1810121645583,134,5.68766184124622,False,False,False,False,False,False,False,False,False
Movie 1445,Romance,146633104,241564651,0.6474086983795965,1,99.38461356243904,151,6.182839123186754,False,False,False,False,False,False,False,False,False
Movie 1446,Adventure,77176890,215977096,1.798468505274053,1,32.14826198458468,139,5.494645881489444,False,False,False,False,False,False,False,False,False
Movie 1447,Drama,148501420,139626778,-0.05976132753478047,0,67.72773595351276,176,8.102261515798233,False,False,False,False,False,False,False,False,False
Movie 1448,Romance,128440874,132922509,0.03489259190185828,1,84.58717155108586,85,4.378213892172806,False,False,False,False,False,False,False,False,False
Movie 1449,Adventure,94389281,50269269,-0.4674260841122415,0,91.66495075171656,98,4.438254469454668,False,False,False,False,False,False,False,False,False
Movie 1450,Romance,90817241,48630373,-0.4645248802482339,0,72.07533640307008,175,5.235630621462478,False,False,False,False,False,False,False,False,False
Movie 1451,Horror,158785537,408631255,1.5734790631466642,1,29.07718441829649,106,4.382056992614107,False,False,False,False,False,False,False,False,False
Movie 1452,Drama,190400564,443691675,1.3303065163189327,1,33.3019330053257,80,6.366041018489525,False,False,False,False,False,False,False,False,False
Movie 1453,Thriller,137939592,191405342,0.387602639857018,1,3.0550451802724568,112,3.806940638973014,False,False,False,False,False,False,False,False,False
Movie 1454,Unknown,55278856,124144032,1.245777879339616,1,76.32771178947945,119,4.921117316424332,False,False,False,False,False,False,False,False,False
Movie 1455,Unknown,168676199,250992683,0.48801481470423697,1,5.231221000133186,111,8.480668190853539,False,False,False,False,False,False,False,False,False
Movie 1456,Horror,175756880,506573859,1.882241986771727,1,86.60058310567183,148,5.455352881150776,False,False,False,False,False,False,False,False,False
Movie 1457,Science Fiction,163322048,476513585,1.9176317027325056,1,12.74740083297934,96,7.489402298961055,False,False,False,False,False,False,False,False,False
Movie 1458,Comedy,75842172,112396918,0.4819844294543674,1,18.0157747014565,87,3.680773150239444,False,False,False,False,False,False,False,False,False
Movie 1459,Drama,4875754,12850316,1.6355546239617502,1,48.17612061239149,136,4.485387048850708,False,False,False,False,False,False,False,False,False
Movie 1460,Science Fiction,154699943,376342048,1.4327226028777529,1,74.0501611017055,121,7.844073727202211,False,False,False,False,False,False,False,False,False
Movie 1461,Romance,96268888,122742817,0.2749998421089065,1,14.76121831470869,177,7.577957617738164,False,False,False,False,False,False,False,False,False
Movie 1462,Science Fiction,58696034,63397561,0.08009956856710285,1,44.56703643158335,88,5.316935511562927,False,False,False,False,False,False,False,False,False
Movie 1463,Unknown,29356738,48309055,0.6455866111555038,1,48.80227616660037,166,8.726381412200846,False,False,False,False,False,False,False,False,False
Movie 1464,Animation,66564145,163306616,1.4533720969449844,1,22.01627852519054,114,8.463858095007271,False,False,False,False,False,False,False,False,False
Movie 1465,Drama,11047595,32042659,1.9004194125508764,1,12.440279291382542,150,8.773804494673438,False,False,False,False,False,False,False,False,False
Movie 1466,Romance,31908587,76866116,1.408947660389976,1,83.80567137557831,158,5.567488141126712,False,False,False,False,False,False,False,False,False
Movie 1467,Animation,130705394,344803111,1.6380174562650414,1,50.74409932651379,132,4.184841502114098,False,False,False,False,False,False,False,False,False
Movie 1468,Drama,96112669,192961634,1.0076607590618465,1,2.4237423624311445,133,6.759951834548046,False,False,False,False,False,False,False,False,False
Movie 1469,Unknown,23564965,60998373,1.588519567077651,1,80.49514882960128,163,7.108638949675191,False,False,False,False,False,False,False,False,False
Movie 1470,Romance,120102305,295578035,1.461052142171626,1,98.0985867360439,104,3.75265070670312,False,False,False,False,False,False,False,False,False
Movie 1471,Thriller,175348811,252934321,0.4424638499544773,1,60.98669334601048,146,7.718898205775435,False,False,False,False,False,False,False,False,False
Movie 1472,Drama,10004644,18808488,0.8799757392666846,1,50.867130321323,141,3.108361318559763,False,False,False,False,False,False,False,False,False
Movie 1473,Animation,125906539,316262470,1.511882802210932,1,87.96317044145121,134,5.8963703248607,False,False,False,False,False,False,False,False,False
Movie 1474,Science Fiction,182735418,112408200,-0.38485816690445857,0,95.29916217877526,125,4.986097556969369,False,False,False,False,False,False,False,False,False
Movie 1475,Science Fiction,106650992,268781638,1.5201981993753981,1,75.69915467434359,103,7.441818359394505,False,False,False,False,False,False,False,False,False
Movie 1476,Adventure,51760636,48899324,-0.055279691694669286,0,45.0998400436945,177,4.876564364530895,False,False,False,False,False,False,False,False,False
Movie 1477,Adventure,172856912,308845007,0.7867090382824842,1,59.62991853381261,125,7.960842676686196,False,False,False,False,False,False,False,False,False
Movie 1478,Animation,55706505,140418752,1.5206885982166716,1,70.39260113678192,101,6.569720932684863,False,False,False,False,False,False,False,False,False
Movie 1479,Unknown,14143608,16046668,0.13455265445705225,1,20.23308352917834,90,7.763360170572432,False,False,False,False,False,False,False,False,False
Movie 1480,Adventure,37532022,41830136,0.11451858362440479,1,45.27290218942736,127,8.936043827037743,False,False,False,False,False,False,False,False,False
Movie 1481,Action,92485680,139367688,0.5069109942209432,1,83.15230520701121,87,7.074950074461341,False,False,False,False,False,False,False,False,False
Movie 1482,Thriller,104960587,287235876,1.7366069894407126,1,65.81780950134586,118,8.909701898169864,False,False,False,False,False,False,False,False,False
Movie 1483,Action,180963197,90681916,-0.4988930484025434,0,41.70920265397356,114,3.173017961530232,False,False,False,False,False,False,False,False,False
Movie 1484,Action,89780367,247206446,1.7534577353643475,1,66.67289086745346,128,5.02883993090285,False,False,False,False,False,False,False,False,False
Movie 1485,Action,37045138,32767075,-0.11548244198739387,0,12.704018795173528,125,3.647119587373855,False,False,False,False,False,False,False,False,False
Movie 1486,Comedy,193091911,574490131,1.9752159374506373,1,40.74826344592275,117,4.573829588306637,False,False,False,False,False,True,False,False,False
Movie 1487,Romance,60912158,175860556,1.8871174782545055,1,79.51972525834258,87,8.033327394754647,False,False,False,False,False,False,False,False,False
Movie 1488,Science Fiction,39808656,69135214,0.7366879705760476,1,22.830369926528157,133,3.193939591956542,False,False,False,False,False,False,False,False,False
Movie 1489,Horror,146098454,260318315,0.781800613714913,1,19.410189248184352,116,6.121097614394362,False,False,False,False,False,False,False,False,False
Movie 1490,Romance,158210084,269569945,0.7038733447610078,1,95.13104733172672,170,6.402772245194238,False,False,False,False,False,False,False,False,False
Movie 1491,Drama,21515189,44936819,1.0886090751979915,1,21.77986532903684,171,6.3669068800317365,False,False,False,False,False,False,False,False,False
Movie 1492,Adventure,53534223,38908901,-0.27319574620518916,0,26.83093938536664,119,5.851782442939534,False,False,False,False,False,False,False,False,False
Movie 1493,Romance,158606597,92236852,-0.4184551352551874,0,96.99197795152946,113,7.743617788618532,False,False,False,False,False,False,False,False,False
Movie 1494,Drama,186013447,119840525,-0.3557426791838334,0,73.73614845623754,175,3.801258537033307,False,False,False,False,False,False,False,False,False
Movie 1495,Animation,122821649,197855036,0.6109133659327437,1,70.2600567693293,158,4.863462093304724,False,False,False,False,False,False,False,False,False
Movie 1496,Science Fiction,94050123,111813355,0.1888698433706461,1,85.43971200160355,96,6.694356320671036,False,False,False,False,False,False,False,False,False
Movie 1497,Horror,145780942,299594254,1.0550989031199978,1,12.466485141442632,112,7.145708197607736,False,False,False,False,False,False,False,False,False
Movie 1498,Unknown,25374842,75645086,1.9811056951605845,1,70.88966742142071,126,5.424890590662338,False,False,False,False,False,False,False,False,False
Movie 1499,Action,29172140,42760754,0.46580792495853923,1,50.86517232349565,131,8.2522275799634,False,False,False,False,False,False,False,False,False
Movie 1500,Adventure,193919065,375156431,0.9346031345602868,1,83.08591338812985,159,5.492960380175486,False,False,False,False,False,False,False,False,False
Movie 1501,Romance,170336878,262150114,0.5390097381026321,1,51.30603014785424,172,5.416656806089999,False,False,False,False,False,False,False,False,False
Movie 1502,Adventure,190689119,499258279,1.6181791683667068,1,62.4038940726223,88,3.2172435689243097,False,False,False,False,False,False,False,False,False
Movie 1503,Adventure,78632265,216678362,1.7555910032605573,1,48.296470513554056,112,6.306848017168403,False,False,False,False,False,False,False,False,False
Movie 1504,Animation,111654479,300728948,1.693389022038247,1,48.33773343202856,139,7.252085031071431,False,False,False,False,False,False,False,False,False
Movie 1505,Horror,24387092,71598809,1.935930573436144,1,77.02902782812133,172,3.6866289811010886,False,False,False,False,False,False,False,False,False
Movie 1506,Science Fiction,154373781,87807492,-0.4312020381233002,0,63.22807366408104,156,4.832596596527225,False,False,False,False,False,False,False,False,False
Movie 1507,Animation,174895929,454649034,1.5995404043967199,1,63.69305695933163,100,7.687541722697113,False,False,False,False,False,False,False,False,False
Movie 1508,Unknown,2524102,6005925,1.3794303875199971,1,45.57796589932106,137,5.195516612481453,False,False,False,False,False,False,False,False,False
Movie 1509,Science Fiction,146796877,157327501,0.07173602201360182,1,53.57984013741523,164,4.449614772240239,False,False,False,False,False,False,False,False,False
Movie 1510,Science Fiction,43607220,126059761,1.8908002161110018,1,74.82604895427394,148,7.033203981390673,False,False,False,False,False,False,False,False,False
Movie 1511,Adventure,187932742,163585081,-0.12955518416264047,0,82.76815099207991,89,4.180552666029934,False,False,False,False,False,False,False,False,False
Movie 1512,Thriller,22900146,50354554,1.198874801933577,1,69.95957881226057,85,8.373917517499061,False,False,False,False,False,False,False,False,False
Movie 1513,Adventure,145131569,154162459,0.06222553826314659,1,92.48322589572264,92,3.633590376156846,False,False,False,False,False,False,False,False,False
Movie 1514,Animation,30061846,47451169,0.578451602739233,1,82.2120847265729,144,7.239298813696962,False,False,False,False,False,False,False,False,False
Movie 1515,Science Fiction,195741724,449794857,1.2978997416003142,1,56.62451519114233,99,5.997292207718251,False,False,False,False,False,False,False,False,False
Movie 1516,Horror,158686353,302823008,0.9083115987926196,1,67.46920119172995,136,8.219577374381961,False,False,False,False,False,False,False,False,False
Movie 1517,Romance,138651110,217509563,0.5687545739806915,1,92.7045194151984,125,3.75717054615742,False,False,False,False,False,False,False,False,False
Movie 1518,Romance,76779042,101029401,0.3158460742451045,1,62.29763638006278,87,7.067369510976527,False,False,False,False,False,False,False,False,False
Movie 1519,Unknown,29348817,76281952,1.5991491241367581,1,82.65588785000324,89,6.432327835088289,False,False,False,False,False,False,False,False,False
Movie 1520,Horror,97355770,83680777,-0.14046412451978962,0,69.19223985540872,152,5.880540853440278,False,False,False,False,False,False,False,False,False
Movie 1521,Comedy,71503913,112637053,0.5752571890715967,1,55.64169974498618,146,5.9484435805960105,False,False,False,False,False,False,False,False,False
Movie 1522,Animation,84952230,234416667,1.7593939205598252,1,24.94198134611996,90,7.331861770791185,False,False,False,False,False,False,False,False,False
Movie 1523,Unknown,159946576,418200136,1.614623872911165,1,43.173754427374384,91,8.626449929608933,False,False,False,False,False,False,False,False,False
Movie 1524,Thriller,109092941,163896260,0.5023544007306577,1,96.80653965853784,89,3.5475099547142888,False,False,False,False,False,False,False,False,False
Movie 1525,Thriller,146040542,351632168,1.4077709051504341,1,66.11877294398741,104,3.1170158856631214,False,False,False,False,False,False,False,False,False
Movie 1526,Unknown,183574050,469564443,1.557902072760284,1,56.87514265355997,128,7.834228754887221,False,False,False,False,False,False,False,False,False
Movie 1527,Action,188096876,512040806,1.7222185550811593,1,93.36270592729451,128,3.649016325304556,False,False,False,False,False,False,False,False,False
Movie 1528,Animation,63076001,117401116,0.861264413386004,1,59.064666322707424,168,8.920180776482542,False,False,False,False,False,False,False,False,False
Movie 1529,Thriller,43942594,44432651,0.011152209175452866,1,53.082169323322894,90,6.716089493753024,False,False,False,False,False,False,False,False,False
Movie 1530,Animation,38747492,44105211,0.13827266549277564,1,76.17177465987032,141,6.905198371524844,False,False,False,False,False,False,False,False,False
Movie 1531,Comedy,130987754,162324830,0.23923668467511855,1,71.5538962796679,115,4.193350217628105,False,False,False,False,False,False,False,False,False
Movie 1532,Comedy,118574567,235311963,0.9845061968474235,1,20.12284083243484,118,4.441873861780047,False,False,False,False,False,False,False,False,False
Movie 1533,Thriller,16170521,9411632,-0.41797595760829226,0,47.659519182838,132,6.956101818595501,False,False,False,False,False,False,False,False,False
Movie 1534,Horror,161059574,336631609,1.090106167796023,1,47.77902883913894,169,8.458361027605182,False,False,False,False,False,False,False,False,False
Movie 1535,Animation,127639062,180084114,0.4108855955083719,1,38.44422700909113,157,8.8943433271054,False,False,False,False,False,False,False,False,False
Movie 1536,Science Fiction,13267883,16427025,0.23810445117732798,1,52.21205473307306,135,4.188185679786562,False,False,False,False,False,False,False,False,False
Movie 1537,Animation,43639398,117771451,1.6987414216850563,1,41.89763237498728,80,3.804717736258741,False,False,False,False,False,False,False,False,False
Movie 1538,Horror,12984398,21424334,0.6500059532987205,1,20.73520345764713,135,3.338408146564743,False,False,False,False,False,False,False,False,False
Movie 1539,Science Fiction,170613808,125850309,-0.2623673870522836,0,41.82428224019343,83,8.209782108967968,False,False,False,False,False,False,False,False,False
Movie 1540,Romance,165933123,425928244,1.566866917824478,1,8.155417809744483,109,4.768289081138812,False,False,False,False,False,False,False,False,False
Movie 1541,Animation,175904668,108903132,-0.3808968617023853,0,58.00280041466674,91,3.01087220321551,False,False,False,False,False,False,False,False,False
Movie 1542,Drama,158432789,367068660,1.3168730558672421,1,85.51180034517009,114,4.342908516338573,False,False,False,False,False,False,False,False,False
Movie 1543,Unknown,27854296,67818680,1.4347655385007756,1,72.80342135110097,156,5.042646480596511,False,False,False,False,False,False,False,False,False
Movie 1544,Thriller,4828433,6670511,0.38150638105571727,1,36.67900996535701,131,8.945917016980111,False,False,False,False,False,False,False,False,False
Movie 1545,Horror,87621344,224483223,1.5619696383566086,1,9.62004935215351,110,6.14124956314249,False,False,False,False,False,False,False,False,False
Movie 1546,Unknown,48149071,86145838,0.7891484967591587,1,21.01279052330181,166,4.228283685570608,False,False,False,False,False,False,False,False,False
Movie 1547,Drama,8152747,13519163,0.6582340896878071,1,55.00354370898874,147,5.008910068280707,False,False,False,False,False,False,False,False,False
Movie 1548,Animation,196246973,120399127,-0.3864918008187571,0,21.49865125492025,131,4.981846125341271,False,False,False,False,False,False,False,False,False
Movie 1549,Drama,183562241,224877142,0.22507298219354382,1,54.85333801721178,159,3.118354478779053,False,False,False,False,False,False,False,False,False
Movie 1550,Unknown,105800566,299153737,1.8275249208024085,1,23.928303451625997,86,3.811098325028581,False,False,False,False,False,False,False,False,False
Movie 1551,Action,105981218,156805561,0.4795599065487245,1,85.04346307813121,101,7.171178758219267,False,False,False,False,False,False,False,False,False
Movie 1552,Romance,92351453,172397195,0.866751300599461,1,40.32987581120551,172,3.721505919424408,False,False,False,False,False,False,False,False,False
Movie 1553,Horror,2020154,3696991,0.8300540453846588,1,25.309511968504616,154,4.3844056596367125,False,False,False,False,False,False,False,False,False
Movie 1554,Drama,125284044,247571008,0.9760777198411635,1,81.4202918444591,135,5.1044237904258525,False,False,False,False,False,False,False,False,False
Movie 1555,Romance,39499601,25806171,-0.3466726157562959,0,34.94105751573962,176,7.546409667013762,False,False,False,False,False,False,False,False,False
Movie 1556,Adventure,7733215,10868574,0.40544055738783935,1,12.037281096039411,137,6.494405789207638,False,False,False,False,False,False,False,False,False
Movie 1557,Horror,33339834,76942358,1.3078206688131682,1,57.47053964896052,172,7.1339999099314095,False,False,False,False,False,False,False,False,False
Movie 1558,Drama,41739629,41798090,0.0014006113949886808,1,58.57485623936088,143,6.402073952521033,False,False,False,False,False,False,False,False,False
Movie 1559,Horror,165118515,166595655,0.008945938013068977,1,71.75487184833769,91,7.101554551331214,False,False,False,False,False,False,False,False,False
Movie 1560,Science Fiction,74823165,39299110,-0.47477348759571986,0,24.78172388763017,86,3.0170529219838347,False,False,False,False,False,False,False,False,False
Movie 1561,Action,112855600,179858513,0.5937048139392286,1,44.93336257013226,134,8.585388866228577,False,False,False,False,False,False,False,False,False
Movie 1562,Adventure,116667420,315799566,1.7068359444307588,1,28.954423985222967,141,3.665521385248839,False,False,False,False,False,False,False,False,False
Movie 1563,Adventure,162476925,102320226,-0.3702476459349535,0,9.014419875453124,169,5.437494575861429,False,False,False,False,False,False,False,False,False
Movie 1564,Horror,183001908,178938675,-0.022203227520447493,0,87.78476887457327,152,7.626230221469129,False,False,False,False,False,False,False,False,False
Movie 1565,Drama,182596907,232849647,0.27521134298293454,1,73.15811064434577,177,5.611384308056543,False,False,False,False,False,False,False,False,False
Movie 1566,Horror,11760888,27394775,1.3293117832599035,1,30.84484288642127,156,8.681055310005096,False,False,False,False,False,False,False,False,False
Movie 1567,Comedy,79414095,166895787,1.1015889811500088,1,60.33792629432664,134,5.8055336909926005,False,False,False,False,False,False,False,False,False
Movie 1568,Romance,94144811,144969806,0.5398597592383504,1,20.92511502531277,115,8.249636433616029,False,False,False,False,False,False,False,False,False
Movie 1569,Animation,101018552,242209388,1.397672340423173,1,89.13342555778132,168,7.864968680173625,False,False,False,False,False,False,False,False,False
Movie 1570,Adventure,79483721,160881213,1.0240775214839275,1,12.37572799282912,103,8.885917816792098,False,False,False,False,False,False,False,False,False
Movie 1571,Drama,126410205,346376855,1.7401019957209942,1,1.379877405272289,123,8.559286684505853,False,False,False,False,False,False,False,False,False
Movie 1572,Unknown,184681944,470027897,1.5450668691250078,1,50.69881157617903,96,8.388743008277272,False,False,False,False,False,False,False,False,False
Movie 1573,Adventure,103522878,117191419,0.13203401281019256,1,58.72965452183406,81,7.3896260431168095,False,False,False,False,False,False,False,False,False
Movie 1574,Adventure,97719187,115171486,0.17859644084022108,1,58.31756670928464,92,5.201988883609324,False,False,False,False,False,False,False,False,False
Movie 1575,Science Fiction,193293440,157223181,-0.1866088109353323,0,6.396680816344803,110,3.636752511389415,False,False,False,False,False,False,False,False,False
Movie 1576,Adventure,15372528,20636263,0.3424118011038913,1,32.09033688492482,172,7.13187031358634,False,False,False,False,False,False,False,False,False
Movie 1577,Romance,129036268,386961676,1.9988597934341994,1,50.42069573729185,107,8.87192448802779,False,False,False,False,False,False,False,False,False
Movie 1578,Science Fiction,181913293,275485474,0.514377918495489,1,22.441339377096845,139,7.359626623991214,False,False,False,False,False,False,False,False,False
Movie 1579,Animation,160940253,169183787,0.051221082646117126,1,87.38996266310374,106,8.572376215664013,False,False,False,False,False,False,False,False,False
Movie 1580,Action,174180913,419115368,1.4062072059525834,1,9.62381965668197,94,7.8258282777331,False,False,False,False,False,False,False,False,False
Movie 1581,Comedy,199891843,371034743,0.8561775079536387,1,49.25105972553224,174,3.9786880507000726,False,False,False,False,False,False,False,False,False
Movie 1582,Romance,121488081,106181023,-0.12599637654989382,0,69.45018969380206,158,4.495222623547724,False,False,False,False,False,False,False,False,False
Movie 1583,Drama,199031293,288938545,0.45172420198265,1,26.91335891331376,112,5.051193610574102,False,False,False,False,False,False,False,False,False
Movie 1584,Animation,115282788,177094454,0.5361742812812612,1,62.79983296275429,99,4.009562666028025,False,False,False,False,False,False,False,False,False
Movie 1585,Science Fiction,181788888,433489101,1.3845742485646317,1,83.10912986409508,121,6.48990799603804,False,False,False,False,False,False,False,False,False
Movie 1586,Action,118105071,65156019,-0.4483215796889873,0,19.843360534409708,91,8.852703144809707,False,False,False,False,False,False,False,False,False
Movie 1587,Drama,77767936,91186724,0.172549108156863,1,91.80483859066142,152,7.568753000616952,False,False,False,False,False,False,False,False,False
Movie 1588,Animation,152780276,274086402,0.79399075048143,1,55.80229473357344,102,5.540320494404771,False,False,False,False,False,False,False,False,False
Movie 1589,Horror,194705934,228218107,0.17211685494906384,1,30.623968425805,151,3.027026885881732,False,False,False,False,False,False,False,False,False
Movie 1590,Science Fiction,41057648,85033883,1.071085099662796,1,43.6549692628448,175,4.879656066829073,False,False,False,False,False,False,False,False,False
Movie 1591,Comedy,72425912,123462185,0.7046686964742674,1,31.906996494852407,93,6.160555726153292,False,False,False,False,False,False,False,False,False
Movie 1592,Romance,133086923,186890723,0.40427563270059225,1,72.7860048333983,170,4.945505243111824,False,False,False,False,False,False,False,False,False
Movie 1593,Comedy,82242298,236283895,1.8730215563772306,1,79.83376567809809,104,3.666209538143157,False,False,False,False,False,False,False,False,False
Movie 1594,Action,54520377,113424124,1.0803987470592875,1,83.46080183954744,156,5.656589741171367,False,False,False,False,False,False,False,False,False
Movie 1595,Animation,157100668,129585024,-0.175146575442951,0,98.59105670898838,164,4.519516901794297,False,False,False,False,False,False,False,False,False
Movie 1596,Unknown,39580196,75211445,0.9002292206941067,1,79.33714495717167,110,8.455394258769008,False,False,False,False,False,False,False,False,False
Movie 1597,Thriller,116581866,285838873,1.451829626744866,1,60.53702299816777,133,3.6105271710060944,False,False,False,False,False,False,False,False,False
Movie 1598,Horror,112902075,256425929,1.2712242356927452,1,34.5828095407866,84,3.2949157723482623,False,False,False,False,False,False,False,False,False
Movie 1599,Comedy,183883013,171052221,-0.06977692931320414,0,54.91494942236419,92,3.0318850149291725,False,False,False,False,False,False,False,False,False
Movie 1600,Romance,193545574,567291754,1.9310499965243328,1,5.065749106250137,107,4.968418106913947,False,False,False,False,False,True,False,False,False
Movie 1601,Drama,18687991,30312558,0.6220340645497956,1,74.73768247746139,122,6.962321029205332,False,False,False,False,False,False,False,False,False
Movie 1602,Adventure,40509310,36359637,-0.10243751374683992,0,45.14959896411808,168,7.3824825172907556,False,False,False,False,False,False,False,False,False
Movie 1603,Thriller,32061293,30473918,-0.04951063576880695,0,2.9822997434865743,178,5.719570100290339,False,False,False,False,False,False,False,False,False
Movie 1604,Unknown,165490583,123387706,-0.2544125244878737,0,7.18818720953067,126,7.1059719027316,False,False,False,False,False,False,False,False,False
Movie 1605,Action,129425994,324703321,1.508795265655831,1,39.35917991835391,150,5.159484217292181,False,False,False,False,False,False,False,False,False
Movie 1606,Adventure,124368509,100126131,-0.19492376482538679,0,58.75873038282507,117,7.006837319919701,False,False,False,False,False,False,False,False,False
Movie 1607,Comedy,181534424,147553565,-0.1871868610440519,0,46.95619094626054,175,3.2435759118142404,False,False,False,False,False,False,False,False,False
Movie 1608,Action,11679043,30671257,1.626178960039791,1,62.30122741192333,146,5.344517907402025,False,False,False,False,False,False,False,False,False
Movie 1609,Horror,190716026,259661816,0.36151020680349116,1,48.54913162034422,141,7.745098065799075,False,False,False,False,False,False,False,False,False
Movie 1610,Romance,115161223,66464696,-0.42285524355711296,0,66.50868070265332,118,7.818036182754008,False,False,False,False,False,False,False,False,False
Movie 1611,Romance,23470291,14780139,-0.3702617918116141,0,22.69348040240929,116,7.296892673254168,False,False,False,False,False,False,False,False,False
Movie 1612,Drama,109773212,93902872,-0.14457388747994365,0,12.17147553117852,165,4.225431723419186,False,False,False,False,False,False,False,False,False
Movie 1613,Thriller,106856574,110434492,0.033483368089267024,1,60.04696150794034,87,4.483230713583799,False,False,False,False,False,False,False,False,False
Movie 1614,Animation,185980789,402251429,1.1628654828429619,1,48.98426217669444,160,8.976532363587074,False,False,False,False,False,False,False,False,False
Movie 1615,Science Fiction,195290548,174456112,-0.10668430302115799,0,3.6598977504485934,131,3.6202680432117593,False,False,False,False,False,False,False,False,False
Movie 1616,Adventure,78921522,62915130,-0.2028140308799417,0,38.66770666381055,170,4.083976193414456,False,False,False,False,False,False,False,False,False
Movie 1617,Romance,55496748,133846937,1.4117978408392506,1,11.506432963608551,112,3.780157533900796,False,False,False,False,False,False,False,False,False
Movie 1618,Action,186412937,405939934,1.1776382075885645,1,53.60432634351682,160,4.965929782101694,False,False,False,False,False,False,False,False,False
Movie 1619,Thriller,40043896,63602142,0.5883105380155818,1,40.18199028638264,121,4.26105501140354,False,False,False,False,False,False,False,False,False
Movie 1620,Adventure,142674713,267268891,0.8732744253005786,1,61.70203919919877,155,5.986127757286633,False,False,False,False,False,False,False,False,False
Movie 1621,Animation,158762472,203209621,0.2799600462255337,1,80.75461965825359,106,5.856124241280719,False,False,False,False,False,False,False,False,False
Movie 1622,Horror,85912633,146588520,0.7062510469211204,1,30.66719970030759,87,8.40903371670782,False,False,False,False,False,False,False,False,False
Movie 1623,Comedy,128064322,226248884,0.7666816211309814,1,96.24810831233772,102,3.208439684668689,False,False,False,False,False,False,False,False,False
Movie 1624,Animation,59865527,87888171,0.46809316486932456,1,54.02781555816987,143,4.91927746000658,False,False,False,False,False,False,False,False,False
Movie 1625,Drama,162599237,449819492,1.7664305214421148,1,62.21078907672401,172,6.5799473519825415,False,False,False,False,False,False,False,False,False
Movie 1626,Science Fiction,21521013,11624675,-0.4598453613684449,0,68.38656494934797,99,6.628810571063783,False,False,False,False,False,False,False,False,False
Movie 1627,Science Fiction,136732270,335736265,1.4554281516718768,1,67.00642145590139,95,5.880757374085255,False,False,False,False,False,False,False,False,False
Movie 1628,Horror,124798230,101206007,-0.18904292953513843,0,51.58610356146114,96,7.893993244887802,False,False,False,False,False,False,False,False,False
Movie 1629,Comedy,38735088,96600211,1.4938683758766729,1,43.44766482035367,159,3.3763330284867528,False,False,False,False,False,False,False,False,False
Movie 1630,Thriller,79427656,162014927,1.0397797840087337,1,6.324414453560412,98,7.892926593480816,False,False,False,False,False,False,False,False,False
Movie 1631,Thriller,150353491,392151257,1.6081952230826486,1,3.186498684816794,87,5.968525442614221,False,False,False,False,False,False,False,False,False
Movie 1632,Adventure,108509488,80707817,-0.2562141939145451,0,36.4381582587437,117,3.802564170462013,False,False,False,False,False,False,False,False,False
Movie 1633,Comedy,44951994,85294232,0.8974515791223855,1,34.03242817273557,117,8.314211481242866,False,False,False,False,False,False,False,False,False
Movie 1634,Animation,92233769,161659943,0.7527196899001276,1,39.38182032906167,132,6.895372677245781,False,False,False,False,False,False,False,False,False
Movie 1635,Unknown,66489314,150630407,1.2654829466280852,1,14.698451887930812,172,3.981274120944836,False,False,False,False,False,False,False,False,False
Movie 1636,Romance,36383985,66791041,0.8357263779654702,1,74.07865878314752,179,3.20189834039416,False,False,False,False,False,False,False,False,False
Movie 1637,Comedy,37595773,69621221,0.8518364019274188,1,85.83947706284766,169,3.846657889995896,False,False,False,False,False,False,False,False,False
Movie 1638,Action,125106967,196917097,0.5739898562164008,1,93.93274890202946,110,6.652787761082362,False,False,False,False,False,False,False,False,False
Movie 1639,Action,97362498,123853476,0.2720860551462022,1,49.74386804844296,123,4.07577741156029,False,False,False,False,False,False,False,False,False
Movie 1640,Thriller,15315679,26123354,0.705660845986652,1,70.38570421341743,139,4.354578449250169,False,False,False,False,False,False,False,False,False
Movie 1641,Unknown,112156962,89302838,-0.20376910708405244,0,85.69956122015138,155,3.150838354537885,False,False,False,False,False,False,False,False,False
Movie 1642,Romance,159658533,463613789,1.903783344921502,1,42.41081999825511,96,7.337584033431622,False,False,False,False,False,False,False,False,False
Movie 1643,Thriller,156982967,358867286,1.2860269037977858,1,31.631866692173997,158,7.862186398556623,False,False,False,False,False,False,False,False,False
Movie 1644,Romance,159803950,460421993,1.8811677871541974,1,93.73573102949553,152,7.781089060632739,False,False,False,False,False,False,False,False,False
Movie 1645,Romance,150744728,160817257,0.06681844953144896,1,52.05197855663024,118,3.765408908185705,False,False,False,False,False,False,False,False,False
Movie 1646,Horror,131738504,355476928,1.698352548469808,1,50.22813477249692,121,8.419806764332556,False,False,False,False,False,False,False,False,False
Movie 1647,Adventure,86561923,218307002,1.5219749565868586,1,18.66319355978608,127,7.03367297684448,False,False,False,False,False,False,False,False,False
Movie 1648,Comedy,76532173,167825950,1.1928810253434199,1,11.70734644276232,91,8.385171734261187,False,False,False,False,False,False,False,False,False
Movie 1649,Thriller,125497505,258847761,1.0625729650959994,1,84.36857938586765,175,5.682963027183981,False,False,False,False,False,False,False,False,False
Movie 1650,Drama,86607690,111842933,0.2913741608857135,1,61.79918444256429,168,5.6217291665021865,False,False,False,False,False,False,False,False,False
Movie 1651,Science Fiction,11569320,29397954,1.541026957504849,1,33.25663381792542,97,7.707219112109372,False,False,False,False,False,False,False,False,False
Movie 1652,Action,70448631,123552009,0.7537886435294959,1,19.981885521636386,158,3.5597871328604613,False,False,False,False,False,False,False,False,False
Movie 1653,Thriller,68001666,46052696,-0.32277106269719924,0,55.99423073679351,175,6.125244219809314,False,False,False,False,False,False,False,False,False
Movie 1654,Animation,99609786,127715474,0.2821578996264483,1,58.8080096368524,85,8.018305413787354,False,False,False,False,False,False,False,False,False
Movie 1655,Drama,20391451,57875887,1.8382427027875554,1,21.49236652326076,122,7.981155378417428,False,False,False,False,False,False,False,False,False
Movie 1656,Animation,169263196,444603747,1.6267006502701273,1,85.28916904125592,114,8.736797138054214,False,False,False,False,False,False,False,False,False
Movie 1657,Animation,60047560,177426383,1.9547642402122585,1,9.342172249429256,177,7.189635561183279,False,False,False,False,False,False,False,False,False
Movie 1658,Thriller,191596290,396601150,1.0699834532286612,1,36.25321543147575,133,4.24662377663837,False,False,False,False,False,False,False,False,False
Movie 1659,Romance,78960088,88338586,0.11877517157782297,1,68.35805696248968,141,3.121681889367485,False,False,False,False,False,False,False,False,False
Movie 1660,Animation,171482401,155540989,-0.09296237927062848,0,28.137916018100867,148,5.876494791762612,False,False,False,False,False,False,False,False,False
Movie 1661,Unknown,153137897,148128159,-0.032713900988205424,0,82.9398442833459,161,6.0822231937353335,False,False,False,False,False,False,False,False,False
Movie 1662,Animation,72087566,39611335,-0.4505108550897668,0,74.24691483343994,95,4.441575506993589,False,False,False,False,False,False,False,False,False
Movie 1663,Animation,130888295,193283435,0.4767052699402953,1,79.11326161026528,87,3.748184682741619,False,False,False,False,False,False,False,False,False
Movie 1664,Romance,106169850,103894545,-0.021430801682398533,0,12.791547051794913,168,6.517248997143054,False,False,False,False,False,False,False,False,False
Movie 1665,Animation,135823137,207692408,0.5291386474161615,1,14.914165671558749,175,7.585534044144848,False,False,False,False,False,False,False,False,False
Movie 1666,Science Fiction,144680471,410528822,1.8374860764726153,1,29.36090003671378,169,8.958924621540962,False,False,False,False,False,False,False,False,False
Movie 1667,Romance,12377787,19511731,0.5763505221086774,1,52.28963935455855,165,7.549815703263111,False,False,False,False,False,False,False,False,False
Movie 1668,Comedy,22827621,61519553,1.694961205112,1,75.05359159324084,110,7.761794485533485,False,False,False,False,False,False,False,False,False
Movie 1669,Romance,42892167,86374612,1.0137619066903287,1,83.81655818532944,89,6.698765269372785,False,False,False,False,False,False,False,False,False
Movie 1670,Science Fiction,36280122,40554968,0.11782887609914873,1,70.72919627976087,135,8.915535953820108,False,False,False,False,False,False,False,False,False
Movie 1671,Thriller,155275716,215776864,0.38963689595867007,1,92.9310912715332,155,6.839738310687423,False,False,False,False,False,False,False,False,False
Movie 1672,Science Fiction,141026769,100100636,-0.2902011674109899,0,74.1356074519771,171,8.161519718398226,False,False,False,False,False,False,False,False,False
Movie 1673,Romance,80655365,107566550,0.33365647778049234,1,31.320520813456856,149,8.674707877445734,False,False,False,False,False,False,False,False,False
Movie 1674,Romance,106750564,234194977,1.1938523622226482,1,27.243047149518688,99,8.579151003003366,False,False,False,False,False,False,False,False,False
Movie 1675,Action,141373307,96173112,-0.31972227260694974,0,69.9230525798079,84,5.288492062700139,False,False,False,False,False,False,False,False,False
Movie 1676,Unknown,84665691,85808975,0.013503509940053521,1,20.09418630027181,102,3.471972349885552,False,False,False,False,False,False,False,False,False
Movie 1677,Unknown,59544068,86553412,0.45360259900280914,1,10.17876627021672,88,4.031242215235481,False,False,False,False,False,False,False,False,False
Movie 1678,Unknown,167244944,494229521,1.9551238391995873,1,53.6900646107632,137,3.355339832379645,False,False,False,False,False,False,False,False,False
Movie 1679,Science Fiction,34957164,86069940,1.4621545386233277,1,82.34251540811657,138,3.63238160897484,False,False,False,False,False,False,False,False,False
Movie 1680,Animation,186055455,434200753,1.3337168641467674,1,11.03660440451649,172,4.107907475362186,False,False,False,False,False,False,False,False,False
Movie 1681,Adventure,70058877,55379958,-0.20952261338702302,0,79.3972410557772,159,5.046565899524411,False,False,False,False,False,False,False,False,False
Movie 1682,Action,129452956,317482045,1.4524897291646242,1,81.34562843080326,133,6.261237879450455,False,False,False,False,False,False,False,False,False
Movie 1683,Horror,136350386,335854456,1.4631720221166078,1,48.74512600807281,125,7.270092356130516,False,False,False,False,False,False,False,False,False
Movie 1684,Action,53316857,106780694,1.0027567266390065,1,6.673720691038194,101,4.265564016639072,False,False,False,False,False,False,False,False,False
Movie 1685,Science Fiction,38877058,115694410,1.97590445244082,1,18.284395273471453,143,7.035134425428836,False,False,False,False,False,False,False,False,False
Movie 1686,Horror,152651895,200452510,0.31313476324679757,1,71.0352012410313,87,7.225554447014518,False,False,False,False,False,False,False,False,False
Movie 1687,Thriller,160394855,457635572,1.8531811198058692,1,71.466016554104,99,6.351734021197137,False,False,False,False,False,False,False,False,False
Movie 1688,Drama,189028967,526791177,1.7868277828551007,1,89.93717224159887,130,8.421707218792264,False,False,False,False,False,False,False,False,False
Movie 1689,Animation,14881178,7867703,-0.4712983743625673,0,58.6859285089037,157,3.665968883530864,False,False,False,False,False,False,False,False,False
Movie 1690,Romance,74135852,120492356,0.6252913097970466,1,13.286629403663962,118,4.062728745614517,False,False,False,False,False,False,False,False,False
Movie 1691,Romance,16590661,48822343,1.9427605687320113,1,13.02007564499224,116,5.5719889463369086,False,False,False,False,False,False,False,False,False
Movie 1692,Science Fiction,92312343,69954607,-0.24219660419625574,0,72.39210337832554,129,3.7602764114054334,False,False,False,False,False,False,False,False,False
Movie 1693,Thriller,144674535,270463507,0.8694617335386632,1,19.19468184568221,113,6.397776862344525,False,False,False,False,False,False,False,False,False
Movie 1694,Animation,164559776,485022458,1.9473937665058563,1,33.51016446204393,154,5.390402799656546,False,False,False,False,False,False,False,False,False
Movie 1695,Animation,139902074,264238441,0.8887385543691082,1,49.23398868526948,112,4.707574767215511,False,False,False,False,False,False,False,False,False
Movie 1696,Horror,153042287,149145563,-0.025461747052956677,0,3.451722880038969,110,4.019938878105823,False,False,False,False,False,False,False,False,False
Movie 1697,Adventure,90605800,177175843,0.9554580722205421,1,25.633083674973253,133,5.012029430089262,False,False,False,False,False,False,False,False,False
Movie 1698,Horror,93379916,94416567,0.01110143427415377,1,41.38107124222073,123,6.647756104994052,False,False,False,False,False,False,False,False,False
Movie 1699,Unknown,106283946,191232522,0.7992606522155284,1,28.683995530827417,113,6.45471126533647,False,False,False,False,False,False,False,False,False
Movie 1700,Thriller,43827096,30026186,-0.3148944661996314,0,14.500662419289018,150,3.981744001261403,False,False,False,False,False,False,False,False,False
Movie 1701,Romance,187118499,376801770,1.0137066725829176,1,73.07321352182355,141,3.7495188644438,False,False,False,False,False,False,False,False,False
Movie 1702,Romance,50352346,90230137,0.7919748366838757,1,81.5016178616305,102,3.160060575653235,False,False,False,False,False,False,False,False,False
Movie 1703,Science Fiction,12667877,29774621,1.3504033864553626,1,26.49041863822876,125,3.074553562763594,False,False,False,False,False,False,False,False,False
Movie 1704,Horror,8393979,17432205,1.0767510855102211,1,77.66752996602403,135,8.278862614318111,False,False,False,False,False,False,False,False,False
Movie 1705,Romance,145332806,272355956,0.8740156713137431,1,39.16980287573007,86,3.2705331360323395,False,False,False,False,False,False,False,False,False
Movie 1706,Action,29506244,65635079,1.2244471034673203,1,51.16189329454628,168,7.387326659239478,False,False,False,False,False,False,False,False,False
Movie 1707,Action,26214698,22540833,-0.14014523455505762,0,85.74410641442213,140,8.231910577469742,False,False,False,False,False,False,False,False,False
Movie 1708,Drama,103285868,205373532,0.9883991486618479,1,75.24541449843838,82,3.5883470913747457,False,False,False,False,False,False,False,False,False
Movie 1709,Unknown,121130296,112684668,-0.06972349840538654,0,80.7065682803016,117,5.617808542998105,False,False,False,False,False,False,False,False,False
Movie 1710,Thriller,126616114,356273120,1.813805516097264,1,14.547671492049323,163,8.77381789904566,False,False,False,False,False,False,False,False,False
Movie 1711,Adventure,18486878,12401649,-0.3291647729811383,0,7.902223157539218,113,8.00483196314151,False,False,False,False,False,False,False,False,False
Movie 1712,Comedy,58195030,91711693,0.5759368626496112,1,89.44706817971073,123,5.93822419114713,False,False,False,False,False,False,False,False,False
Movie 1713,Adventure,23098345,51728597,1.2394936520343773,1,39.39559268753834,109,7.575426676749317,False,False,False,False,False,False,False,False,False
Movie 1714,Comedy,17620937,28987419,0.6450554814423319,1,29.500088128898405,96,8.000265746589983,False,False,False,False,False,False,False,False,False
Movie 1715,Unknown,32984287,24086384,-0.26976187176639593,0,72.74492917192063,138,5.088161779132316,False,False,False,False,False,False,False,False,False
Movie 1716,Adventure,98147242,184855181,0.8834475348782598,1,83.80514406140581,89,8.352917501219766,False,False,False,False,False,False,False,False,False
Movie 1717,Adventure,177631220,373750256,1.1040797670589664,1,86.38647256793179,178,5.82283991806294,False,False,False,False,False,False,False,False,False
Movie 1718,Romance,145746022,329310335,1.2594807767720755,1,32.28371697139751,163,6.16684418135298,False,False,False,False,False,False,False,False,False
Movie 1719,Animation,154587614,221547167,0.4331495342181813,1,85.36902672896572,97,8.998245826930987,False,False,False,False,False,False,False,False,False
Movie 1720,Comedy,5810833,11093751,0.9091498585486797,1,5.0524604930601935,124,8.059817796912967,False,False,False,False,False,False,False,False,False
Movie 1721,Adventure,24480675,39823110,0.6267161751054658,1,5.916487654512169,170,5.17062003463788,False,False,False,False,False,False,False,False,False
Movie 1722,Action,85328141,186027301,1.1801400900085237,1,62.72840032224129,138,3.0620735788362,False,False,False,False,False,False,False,False,False
Movie 1723,Comedy,29500556,57788415,0.9588924018923576,1,7.247530542439077,141,6.757044442763368,False,False,False,False,False,False,False,False,False
Movie 1724,Adventure,33073692,60008594,0.8143905433962437,1,33.13630768250599,138,7.223480556768647,False,False,False,False,False,False,False,False,False
Movie 1725,Horror,38316107,43060059,0.12381090803405471,1,67.60284263844548,128,6.904816140860278,False,False,False,False,False,False,False,False,False
Movie 1726,Action,28427110,14357006,-0.49495372551061295,0,34.389422709368404,179,8.807174106979279,False,False,False,False,False,False,False,False,False
Movie 1727,Comedy,25192961,23560562,-0.0647958372181817,0,18.780378362569497,142,8.177826163992865,False,False,False,False,False,False,False,False,False
Movie 1728,Romance,160077599,126887926,-0.20733490011928526,0,28.85371156353032,166,5.692990159083891,False,False,False,False,False,False,False,False,False
Movie 1729,Horror,93763660,152151403,0.6227118587307705,1,46.29995789279275,111,3.377144924834286,False,False,False,False,False,False,False,False,False
Movie 1730,Science Fiction,60844250,123553094,1.030645360900989,1,48.06319968019276,89,5.856352617011981,False,False,False,False,False,False,False,False,False
Movie 1731,Romance,188630704,194801290,0.03271252171120562,1,78.51702290337299,90,7.135464119772139,False,False,False,False,False,False,False,False,False
Movie 1732,Science Fiction,30263888,86180740,1.8476427086962521,1,75.26516971371974,149,6.646258849362027,False,False,False,False,False,False,False,False,False
Movie 1733,Action,43106078,22273139,-0.4832946991837207,0,46.22496265105738,141,6.2288224062653095,False,False,False,False,False,False,False,False,False
Movie 1734,Drama,8281505,20130289,1.4307525021116332,1,84.72106756077837,126,5.812913748091448,False,False,False,False,False,False,False,False,False
Movie 1735,Comedy,39679227,81858718,1.0630119130092932,1,12.309476720548188,113,4.762571238164318,False,False,False,False,False,False,False,False,False
Movie 1736,Thriller,39965695,57306290,0.43388698732750675,1,26.279981672661247,179,4.664080570347776,False,False,False,False,False,False,False,False,False
Movie 1737,Comedy,172735895,108171080,-0.37377763897885846,0,82.9696698867229,96,6.001388873554811,False,False,False,False,False,False,False,False,False
Movie 1738,Romance,27540396,56973269,1.0687164048040558,1,38.42140982398916,133,3.9636188785778943,False,False,False,False,False,False,False,False,False
Movie 1739,Science Fiction,129184994,189131195,0.4640337793412755,1,98.13697432059035,155,5.0441125414488095,False,False,False,False,False,False,False,False,False
Movie 1740,Drama,15812143,44917046,1.8406678335757525,1,47.1590748712557,164,4.943875648260597,False,False,False,False,False,False,False,False,False
Movie 1741,Adventure,192042885,356234786,0.8549751843188567,1,79.40162667341265,119,6.522796809505206,False,False,False,False,False,False,False,False,False
Movie 1742,Science Fiction,144206866,410863931,1.8491287717188167,1,40.82839709685482,98,3.4000938021781475,False,False,False,False,False,False,False,False,False
Movie 1743,Action,48364509,50841218,0.05120922451626667,1,43.07039838718061,146,7.97801208159057,False,False,False,False,False,False,False,False,False
Movie 1744,Animation,80146438,185484085,1.3143147671765525,1,38.90543158113417,161,6.374270282306413,False,False,False,False,False,False,False,False,False
Movie 1745,Unknown,178238601,364163305,1.0431225500922776,1,72.18848643057036,132,7.024960084655612,False,False,False,False,False,False,False,False,False
Movie 1746,Animation,110487327,259481760,1.3485205683363124,1,55.20427052193945,143,7.218563422556597,False,False,False,False,False,False,False,False,False
Movie 1747,Romance,119633441,124020358,0.03666965493369032,1,94.43403302546854,162,4.748904821055219,False,False,False,False,False,False,False,False,False
Movie 1748,Drama,127152510,274965559,1.1624862851704618,1,25.83814133687637,126,5.8222294043092,False,False,False,False,False,False,False,False,False
Movie 1749,Science Fiction,74663899,130296043,0.7451009757741154,1,10.955710476260991,85,8.737475735218004,False,False,False,False,False,False,False,False,False
Movie 1750,Unknown,33735803,79517394,1.3570624360119723,1,39.93288702482231,95,7.600231427980889,False,False,False,False,False,False,False,False,False
Movie 1751,Unknown,16886372,22249679,0.3176115627442058,1,62.054558057030825,151,8.817341251339112,False,False,False,False,False,False,False,False,False
Movie 1752,Unknown,172840476,471014937,1.725142558621512,1,86.21909475463401,97,7.47752607087773,False,False,False,False,False,False,False,False,False
Movie 1753,Drama,167674709,119175350,-0.2892467163906037,0,35.27349178135244,131,4.053600838251104,False,False,False,False,False,False,False,False,False
Movie 1754,Romance,2656671,6689426,1.5179730572585013,1,65.7248883613217,127,3.387215303068057,False,False,False,False,False,False,False,False,False
Movie 1755,Unknown,90567715,240303233,1.6532990591625283,1,35.669669421298686,122,6.465968620317982,False,False,False,False,False,False,False,False,False
Movie 1756,Thriller,23922481,60837997,1.5431307480189869,1,62.10473871645135,118,5.146879678215657,False,False,False,False,False,False,False,False,False
Movie 1757,Unknown,43081603,76763488,0.7818159644616752,1,88.59598675603443,128,4.652747460829021,False,False,False,False,False,False,False,False,False
Movie 1758,Adventure,178715391,285223053,0.5959624484720513,1,23.90440658368149,91,7.843265978552505,False,False,False,False,False,False,False,False,False
Movie 1759,Science Fiction,89785936,268518822,1.9906557080387288,1,41.01992256859688,89,5.201959602491684,False,False,False,False,False,False,False,False,False
Movie 1760,Comedy,91126859,97772729,0.07292987021532257,1,99.33325444654491,150,4.902005818405824,False,False,False,False,False,False,False,False,False
Movie 1761,Animation,21833173,40766680,0.8671898949364804,1,86.98714579669662,134,8.099925559014062,False,False,False,False,False,False,False,False,False
Movie 1762,Science Fiction,91503568,199174792,1.176688804091224,1,56.89934593172399,80,8.077724018918762,False,False,False,False,False,False,False,False,False
Movie 1763,Animation,85483977,192524370,1.2521690819321614,1,52.14613159357326,128,5.13819982653034,False,False,False,False,False,False,False,False,False
Movie 1764,Action,155936181,157505158,0.010061661058635263,1,29.17543784816342,115,7.994992205915797,False,False,False,False,False,False,False,False,False
Movie 1765,Animation,144379136,308247323,1.134985230830028,1,52.20373334165941,100,8.104670941995963,False,False,False,False,False,False,False,False,False
Movie 1766,Drama,53374647,135887790,1.5459239102789757,1,84.96996832971477,116,5.543583210177998,False,False,False,False,False,False,False,False,False
Movie 1767,Unknown,197460538,123422006,-0.3749535616073324,0,68.83227681450028,103,3.398838781255029,False,False,False,False,False,False,False,False,False
Movie 1768,Thriller,172432145,479155002,1.7788032330050758,1,29.714358789620672,134,3.0095078667980406,False,False,False,False,False,False,False,False,False
Movie 1769,Science Fiction,155571455,89260699,-0.4262398651474977,0,20.94492818429976,104,6.13975477733397,False,False,False,False,False,False,False,False,False
Movie 1770,Animation,135766876,188706125,0.38992757703285447,1,27.255645162686083,86,5.064452960222134,False,False,False,False,False,False,False,False,False
Movie 1771,Science Fiction,37328139,20139762,-0.46046702194288336,0,17.806160937889825,160,8.982791364950195,False,False,False,False,False,False,False,False,False
Movie 1772,Unknown,97953082,67868058,-0.3071370842624431,0,10.468428906347878,172,7.634465997763705,False,False,False,False,False,False,False,False,False
Movie 1773,Romance,22845218,63462204,1.7779207009536964,1,42.49448126976344,173,7.567652738102475,False,False,False,False,False,False,False,False,False
Movie 1774,Romance,137991667,191415427,0.38715207346542163,1,12.216660835428502,150,8.731456609724063,False,False,False,False,False,False,False,False,False
Movie 1775,Unknown,36490172,56995051,0.5619288119551752,1,18.01934321498333,176,8.326346387359925,False,False,False,False,False,False,False,False,False
Movie 1776,Romance,37989387,39446696,0.03836095065182284,1,55.185143749609125,150,4.909124876738332,False,False,False,False,False,False,False,False,False
Movie 1777,Romance,106600006,212426034,0.9927394187951547,1,17.295328096257897,103,3.995923329623258,False,False,False,False,False,False,False,False,False
Movie 1778,Science Fiction,14426716,28666000,0.9870079926713744,1,7.324096975659382,90,7.475353590392894,False,False,False,False,False,False,False,False,False
Movie 1779,Comedy,96019914,137356581,0.4305009792031266,1,32.42149615276064,152,5.269643362097238,False,False,False,False,False,False,False,False,False
Movie 1780,Drama,39710304,52917442,0.33258717938799964,1,22.811590763574785,91,5.839035909785739,False,False,False,False,False,False,False,False,False
Movie 1781,Horror,48718021,132143284,1.7124107524810994,1,52.0152136114433,114,6.782386387648962,False,False,False,False,False,False,False,False,False
Movie 1782,Thriller,27996639,40824995,0.4582105730620022,1,11.134341373737724,142,8.447236061611445,False,False,False,False,False,False,False,False,False
Movie 1783,Horror,88649202,153695773,0.7337524707780223,1,75.42530798061483,147,5.514526522025796,False,False,False,False,False,False,False,False,False
Movie 1784,Adventure,11774986,14227267,0.20826190366595765,1,90.71711842407872,179,7.699901341316168,False,False,False,False,False,False,False,False,False
Movie 1785,Horror,5421590,13374649,1.4669237253278098,1,74.60008222166324,171,4.610038747647945,False,False,False,False,False,False,False,False,False
Movie 1786,Thriller,37089369,55397437,0.4936203686830046,1,53.74987670273803,136,7.187830745541682,False,False,False,False,False,False,False,False,False
Movie 1787,Drama,146763809,261830688,0.7840276140557241,1,86.20611435709962,92,3.009476526467471,False,False,False,False,False,False,False,False,False
Movie 1788,Action,102475757,116145297,0.13339291555562746,1,69.79691959836924,102,8.22904328094381,False,False,False,False,False,False,False,False,False
Movie 1789,Unknown,134313249,398796046,1.9691489779984401,1,2.0445611225687954,162,3.1822774797267748,False,False,False,False,False,False,False,False,False
Movie 1790,Comedy,30221379,37134197,0.2287393305249241,1,40.014925124675806,118,7.276522528575505,False,False,False,False,False,False,False,False,False
Movie 1791,Horror,171482786,416164084,1.426856325975483,1,85.2442380412732,167,3.2775491355677038,False,False,False,False,False,False,False,False,False
Movie 1792,Horror,60644300,95135086,0.5687391230503114,1,35.240026939551655,159,4.59747419636402,False,False,False,False,False,False,False,False,False
Movie 1793,Action,180142120,182942161,0.015543510867974685,1,4.4863021790268265,176,5.983214421339318,False,False,False,False,False,False,False,False,False
Movie 1794,Animation,166888038,417102757,1.499296905869311,1,74.87178421667495,91,5.519632112089429,False,False,False,False,False,False,False,False,False
Movie 1795,Comedy,117067598,156170162,0.33401696684679566,1,80.40178875800399,113,4.151016687606063,False,False,False,False,False,False,False,False,False
Movie 1796,Drama,193455542,515168890,1.6629833638986677,1,16.89877580928755,150,5.0028894702554245,False,False,False,False,False,False,False,False,False
Movie 1797,Action,58641756,163501599,1.7881429573834726,1,54.19670918747494,154,7.366238220365802,False,False,False,False,False,False,False,False,False
Movie 1798,Animation,27552476,73001926,1.6495595531958724,1,20.00358846057685,110,7.015542555477889,False,False,False,False,False,False,False,False,False
Movie 1799,Horror,143891891,84539333,-0.412480214051812,0,72.20420748537053,172,3.430887502583494,False,False,False,False,False,False,False,False,False
Movie 1800,Drama,118884703,293458967,1.4684333610187006,1,27.88349506257108,141,7.483894953437318,False,False,False,False,False,False,False,False,False
Movie 1801,Adventure,86388417,132031621,0.5283486558157444,1,32.30529713376968,92,3.3182752871821704,False,False,False,False,False,False,False,False,False
Movie 1802,Adventure,99023086,265808392,1.6843072937557209,1,84.65211451037004,110,6.2575583345987065,False,False,False,False,False,False,False,False,False
Movie 1803,Adventure,183766675,384970171,1.0948856532339175,1,48.155912868483526,81,4.560376488253144,False,False,False,False,False,False,False,False,False
Movie 1804,Science Fiction,127749717,330119044,1.5841078301566804,1,67.30569067060654,94,6.526140765358913,False,False,False,False,False,False,False,False,False
Movie 1805,Drama,28209162,49325960,0.7485794154395653,1,40.834932021524295,136,4.567970375645411,False,False,False,False,False,False,False,False,False
Movie 1806,Science Fiction,100898906,185408173,0.8375637591154853,1,30.502678862181785,154,8.909747817754987,False,False,False,False,False,False,False,False,False
Movie 1807,Drama,58396048,50277191,-0.13903093236720404,0,62.92232798204147,113,4.858369102365192,False,False,False,False,False,False,False,False,False
Movie 1808,Adventure,111538109,274380223,1.4599683951966587,1,16.330899833803308,147,4.451763814046976,False,False,False,False,False,False,False,False,False
Movie 1809,Comedy,112917803,174850285,0.5484740258362979,1,37.92698372111944,154,4.670791745492076,False,False,False,False,False,False,False,False,False
Movie 1810,Romance,135442423,237051368,0.7502002899047369,1,21.694666701206305,108,8.378837143555772,False,False,False,False,False,False,False,False,False
Movie 1811,Horror,188991004,465436515,1.4627442849078678,1,69.8837017271338,145,6.817312972016069,False,False,False,False,False,False,False,False,False
Movie 1812,Comedy,27267668,54456627,0.9971134678623783,1,94.47667499626463,95,7.384104584524659,False,False,False,False,False,False,False,False,False
Movie 1813,Science Fiction,149281646,149691695,0.002746814568215573,1,99.55558583357076,118,8.508063060566101,False,False,False,False,False,False,False,False,False
Movie 1814,Comedy,193102351,381489460,0.975581643747051,1,45.57740423371748,156,8.471234909070045,False,False,False,False,False,False,False,False,False
Movie 1815,Romance,193672612,294204606,0.5190821405351832,1,26.000508574008,116,7.433675079472366,False,False,False,False,False,False,False,False,False
Movie 1816,Drama,59093498,98911515,0.6738138432759557,1,44.84010766804809,160,4.186946573047937,False,False,False,False,False,False,False,False,False
Movie 1817,Comedy,117052051,66810757,-0.4292218168821322,0,84.87967158630966,100,8.060239924050034,False,False,False,False,False,False,False,False,False
Movie 1818,Drama,98042181,100500429,0.02507337122579923,1,21.39456217665195,123,4.222656205146382,False,False,False,False,False,False,False,False,False
Movie 1819,Comedy,44353746,53339602,0.2025951990616531,1,95.25746951363944,98,7.457392884590591,False,False,False,False,False,False,False,False,False
Movie 1820,Thriller,105003512,239660017,1.2824000115348524,1,34.84471111101695,150,7.113618399269246,False,False,False,False,False,False,False,False,False
Movie 1821,Adventure,21610500,11426145,-0.47126882765322414,0,98.59456228558018,87,7.553333100842679,False,False,False,False,False,False,False,False,False
Movie 1822,Drama,148463424,225952891,0.5219431487717809,1,84.02227986586226,156,6.196114084282894,False,False,False,False,False,False,False,False,False
Movie 1823,Thriller,36402297,102292899,1.8100671504328423,1,81.04848288059165,145,6.832357093495318,False,False,False,False,False,False,False,False,False
Movie 1824,Science Fiction,83030459,64738976,-0.22029846902327735,0,32.47256270355507,120,8.71992048260553,False,False,False,False,False,False,False,False,False
Movie 1825,Thriller,159581669,285820498,0.7910609645271977,1,1.868943982845017,154,3.606531565045289,False,False,False,False,False,False,False,False,False
Movie 1826,Action,183341134,452175330,1.4663059518329367,1,38.8311579737728,167,4.85308364868972,False,False,False,False,False,False,False,False,False
Movie 1827,Romance,110971388,316970712,1.856328263642156,1,30.879127596606672,149,6.668142078590295,False,False,False,False,False,False,False,False,False
Movie 1828,Science Fiction,56229602,133092184,1.3669415977726465,1,4.702302050470932,140,8.784324780788936,False,False,False,False,False,False,False,False,False
Movie 1829,Horror,134719871,310046179,1.301413864922718,1,51.03116039408704,105,3.5734466859756067,False,False,False,False,False,False,False,False,False
Movie 1830,Horror,115533144,296483490,1.5662202181566183,1,40.90009981699093,150,3.1352953291805186,False,False,False,False,False,False,False,False,False
Movie 1831,Comedy,118785367,191898122,0.6155030442428149,1,63.82109030641095,162,3.334497590821968,False,False,False,False,False,False,False,False,False
Movie 1832,Thriller,2074961,5217720,1.5146111179920971,1,62.49744589721424,149,3.314434118767193,False,False,False,False,False,False,False,False,False
Movie 1833,Romance,147168299,76514419,-0.48008898981702575,0,12.953916953771332,108,8.446895146664426,False,False,False,False,False,False,False,False,False
Movie 1834,Drama,154372879,434004319,1.811402636340027,1,97.71958906653563,145,7.327547447602948,False,False,False,False,False,False,False,False,False
Movie 1835,Drama,186683482,300236747,0.6082662685710994,1,19.50621151470325,98,7.0626381971776695,False,False,False,False,False,False,False,False,False
Movie 1836,Animation,132827271,250173585,0.8834504625183484,1,45.08212845170575,147,6.135436921570857,False,False,False,False,False,False,False,False,False
Movie 1837,Comedy,148084347,168402351,0.13720561566172826,1,49.32363679993976,137,7.691715701832911,False,False,False,False,False,False,False,False,False
Movie 1838,Science Fiction,70583832,166318594,1.3563270693492526,1,81.4932169241979,149,3.933887956569545,False,False,False,False,False,False,False,False,False
Movie 1839,Unknown,124113052,85835285,-0.30841048852783026,0,10.82373001337003,136,5.351647138730624,False,False,False,False,False,False,False,False,False
Movie 1840,Thriller,115232628,309006606,1.6815895060555244,1,43.43578364164465,116,5.940025504586061,False,False,False,False,False,False,False,False,False
Movie 1841,Drama,124085319,318935511,1.5702920665417317,1,63.221714853384185,140,3.6624569860603575,False,False,False,False,False,False,False,False,False
Movie 1842,Science Fiction,90858638,94506638,0.040150282684184635,1,22.3004065407815,171,5.517082256025102,False,False,False,False,False,False,False,False,False
Movie 1843,Thriller,70551130,178022442,1.5233109944518253,1,63.1193219778412,109,4.899010675575722,False,False,False,False,False,False,False,False,False
Movie 1844,Action,139655405,344375471,1.4658943275414225,1,92.44281891741562,150,3.213492874760776,False,False,False,False,False,False,False,False,False
Movie 1845,Animation,131371121,273323068,1.080541491306906,1,99.75429498609482,152,3.820412416375412,False,False,False,False,False,False,False,False,False
Movie 1846,Action,48347699,69320952,0.43380043794845335,1,4.212656602276896,104,7.5842209390048305,False,False,False,False,False,False,False,False,False
Movie 1847,Unknown,77716230,91607764,0.17874688465974226,1,24.323234596223077,176,3.1082274570278665,False,False,False,False,False,False,False,False,False
Movie 1848,Unknown,6241218,6737138,0.0794588492182135,1,31.72040446337805,144,8.605519794578168,False,False,False,False,False,False,False,False,False
Movie 1849,Unknown,27821567,36071285,0.2965224065200929,1,40.51348394405164,85,3.5185477946834247,False,False,False,False,False,False,False,False,False
Movie 1850,Thriller,190700011,526121518,1.7588961072477338,1,24.98345860089197,97,7.795428565220749,False,False,False,False,False,False,False,False,False
Movie 1851,Horror,140698868,97659357,-0.3058980616674187,0,21.14531146097594,89,8.391699245660824,False,False,False,False,False,False,False,False,False
Movie 1852,Comedy,159209559,409515355,1.5721781881199735,1,95.5008303993325,171,8.646813509102682,False,False,False,False,False,False,False,False,False
Movie 1853,Drama,197915003,271583952,0.37222518699100343,1,91.93363867428128,90,8.204862140975836,False,False,False,False,False,False,False,False,False
Movie 1854,Thriller,129897401,234334715,0.8039984880067,1,5.65225759930863,176,4.725300236552659,False,False,False,False,False,False,False,False,False
Movie 1855,Romance,106644558,265141202,1.4862140832352646,1,34.542489138879965,144,4.998522788030862,False,False,False,False,False,False,False,False,False
Movie 1856,Animation,190074584,515281052,1.7109413639437454,1,41.10970681416226,156,5.559274191660456,False,False,False,False,False,False,False,False,False
Movie 1857,Animation,6290717,8567664,0.3619534943314093,1,24.662438931928392,163,3.835780136442605,False,False,False,False,False,False,False,False,False
Movie 1858,Drama,154876934,256260722,0.6546086972511994,1,63.25841680182938,144,3.133634730403343,False,False,False,False,False,False,False,False,False
Movie 1859,Drama,1797968,2762200,0.5362898561042243,1,64.39769391777986,131,8.214729685686208,False,False,False,False,False,False,False,False,False
Movie 1860,Adventure,193442237,103129392,-0.46687241835401233,0,85.1999186045311,146,6.324772297262738,False,False,False,False,False,False,False,False,False
Movie 1861,Action,56940773,70598428,0.239857210930382,1,74.34605757013657,161,6.6523376530692975,False,False,False,False,False,False,False,False,False
Movie 1862,Romance,164381167,270895738,0.6479730795438385,1,54.7147593696296,157,8.561930848906773,False,False,False,False,False,False,False,False,False
Movie 1863,Animation,154869243,236599011,0.5277340188199926,1,65.70509023439757,110,6.990721068681694,False,False,False,False,False,False,False,False,False
Movie 1864,Science Fiction,8339838,19221851,1.3048230673065833,1,28.12488937275879,170,7.145121026038881,False,False,False,False,False,False,False,False,False
Movie 1865,Science Fiction,114900245,167985197,0.46200904097288914,1,59.71256280676841,96,7.721811890620453,False,False,False,False,False,False,False,False,False
Movie 1866,Drama,84629045,145853176,0.7234411188262848,1,49.43349822024201,134,3.698090699144423,False,False,False,False,False,False,False,False,False
Movie 1867,Animation,58661940,92335153,0.5740214694570278,1,14.201102264320667,172,5.160972919282749,False,False,False,False,False,False,False,False,False
Movie 1868,Comedy,82576052,194182984,1.3515653666755587,1,25.011883381714103,115,8.809247566220197,False,False,False,False,False,False,False,False,False
Movie 1869,Unknown,120245185,319543281,1.6574309898562674,1,29.877651621437018,105,8.53758046860364,False,False,False,False,False,False,False,False,False
Movie 1870,Science Fiction,77107468,141085284,0.8297226930081533,1,92.50664713820323,132,8.304451777861109,False,False,False,False,False,False,False,False,False
Movie 1871,Adventure,106573072,263617071,1.4735804838205284,1,23.808277299203056,96,5.712531062033834,False,False,False,False,False,False,False,False,False
Movie 1872,Science Fiction,50909831,63228315,0.2419667038376144,1,29.635146379147148,165,8.143157721520835,False,False,False,False,False,False,False,False,False
Movie 1873,Romance,117387604,217569005,0.8534240208190977,1,37.5660588788538,104,3.290375291674594,False,False,False,False,False,False,False,False,False
Movie 1874,Thriller,43721553,59595750,0.3630748660734901,1,66.71053112391331,81,3.8911045455427047,False,False,False,False,False,False,False,False,False
Movie 1875,Comedy,76134271,116904349,0.5355023101225991,1,12.705600854741911,165,5.483806190904325,False,False,False,False,False,False,False,False,False
Movie 1876,Unknown,89240465,208022617,1.3310346601174703,1,95.44057603688384,84,5.900352400092759,False,False,False,False,False,False,False,False,False
Movie 1877,Adventure,183273389,495599872,1.704156204586799,1,86.69155078938168,83,4.581042921125141,False,False,False,False,False,False,False,False,False
Movie 1878,Horror,160772142,129218756,-0.1962615264527607,0,58.14439122788607,115,5.138860025086725,False,False,False,False,False,False,False,False,False
Movie 1879,Romance,162149534,338340916,1.086598139714666,1,67.72974887507071,85,3.9766566061522126,False,False,False,False,False,False,False,False,False
Movie 1880,Romance,148693733,290749706,0.9553595174048122,1,2.649386653177383,100,5.934804190295443,False,False,False,False,False,False,False,False,False
Movie 1881,Thriller,179939423,143238546,-0.20396240239138702,0,34.55553275949642,156,7.763059757207167,False,False,False,False,False,False,False,False,False
Movie 1882,Drama,138369610,142484144,0.029735821326662696,1,79.77036283548276,168,6.968162361967835,False,False,False,False,False,False,False,False,False
Movie 1883,Horror,33134444,42329458,0.2775062107576032,1,8.670814405446203,105,3.646753484193248,False,False,False,False,False,False,False,False,False
Movie 1884,Drama,31319320,28730079,-0.08267232494192084,0,28.9490695868613,134,5.925489620380296,False,False,False,False,False,False,False,False,False
Movie 1885,Adventure,66062907,73285148,0.10932369355166281,1,58.94438600509682,118,7.185878296678349,False,False,False,False,False,False,False,False,False
Movie 1886,Romance,129208997,151045575,0.1690019929494538,1,26.38488974219524,163,6.179371779323647,False,False,False,False,False,False,False,False,False
Movie 1887,Comedy,141955048,190104011,0.33918457764178983,1,93.4638194403074,112,5.350053579213293,False,False,False,False,False,False,False,False,False
Movie 1888,Adventure,171161543,406247837,1.3734761318434714,1,13.974804449624749,93,6.731486527703269,False,False,False,False,False,False,False,False,False
Movie 1889,Drama,158991690,306819064,0.9297805061384026,1,79.94204143287008,135,8.811831991801654,False,False,False,False,False,False,False,False,False
Movie 1890,Horror,185713429,550754842,1.965616676002466,1,51.28692049873442,179,3.569447458596468,False,False,False,False,False,True,False,False,False
Movie 1891,Thriller,183236247,281604714,0.5368395642811872,1,75.28274680617564,160,5.340096364485364,False,False,False,False,False,False,False,False,False
Movie 1892,Thriller,90859624,216669554,1.38466267480922,1,31.760817502833294,100,5.439635118276573,False,False,False,False,False,False,False,False,False
Movie 1893,Thriller,174054539,466234855,1.6786710514915097,1,51.93447062889184,125,6.461803862810227,False,False,False,False,False,False,False,False,False
Movie 1894,Horror,37097069,81518814,1.1974462187295714,1,85.82669962259446,95,3.9130476112915074,False,False,False,False,False,False,False,False,False
Movie 1895,Comedy,76142815,116472759,0.5296618466233485,1,47.220931813187335,95,4.059858179222817,False,False,False,False,False,False,False,False,False
Movie 1896,Comedy,79888398,190452868,1.3839865708660224,1,36.61226632911669,163,4.712168315987128,False,False,False,False,False,False,False,False,False
Movie 1897,Thriller,193656693,195432107,0.009167842187618064,1,54.07938323902087,108,8.735220259611118,False,False,False,False,False,False,False,False,False
Movie 1898,Horror,99138203,130751434,0.31888041182267546,1,72.01891255060032,171,7.404651487385416,False,False,False,False,False,False,False,False,False
Movie 1899,Adventure,65274067,121847958,0.866713131265438,1,44.91277120435177,87,6.970159810149019,False,False,False,False,False,False,False,False,False
Movie 1900,Horror,144952544,280993908,0.9385234659972577,1,93.94882053908502,167,7.901746124365573,False,False,False,False,False,False,False,False,False
Movie 1901,Science Fiction,111830503,62105482,-0.44464631443176106,0,30.19963658019186,82,3.7654588135001577,False,False,False,False,False,False,False,False,False
Movie 1902,Action,42965471,123000926,1.8627854678935092,1,48.070897010742925,168,8.15599691834251,False,False,False,False,False,False,False,False,False
Movie 1903,Comedy,17052465,38224262,1.2415681251948032,1,75.9358382748027,98,6.568996283325024,False,False,False,False,False,False,False,False,False
Movie 1904,Drama,60963387,106031142,0.7392593689061272,1,69.22298795908006,176,5.011974044753613,False,False,False,False,False,False,False,False,False
Movie 1905,Romance,43590048,123482676,1.832818078108104,1,86.50046418929846,145,7.895131534474142,False,False,False,False,False,False,False,False,False
Movie 1906,Thriller,77070913,123139196,0.5977389031319766,1,99.6841088874298,158,7.815387206091744,False,False,False,False,False,False,False,False,False
Movie 1907,Comedy,148069152,436965234,1.9510889209387787,1,43.258974550713866,165,8.074251490300362,False,False,False,False,False,False,False,False,False
Movie 1908,Horror,109948256,195786167,0.7807118923286969,1,12.003937098547873,153,3.693107400641893,False,False,False,False,False,False,False,False,False
Movie 1909,Action,33356072,26208346,-0.21428560293310314,0,4.011172199988829,161,8.816167469974657,False,False,False,False,False,False,False,False,False
Movie 1910,Comedy,164753932,397386884,1.4120024279602625,1,72.96081370783739,101,8.757756922738388,False,False,False,False,False,False,False,False,False
Movie 1911,Animation,86936029,191019695,1.1972443093760357,1,87.52735345956285,125,5.1448178730104495,False,False,False,False,False,False,False,False,False
Movie 1912,Science Fiction,143606240,349317411,1.4324667994928355,1,22.85054600849745,170,3.395364109271518,False,False,False,False,False,False,False,False,False
Movie 1913,Comedy,52599948,151414477,1.8786050701038717,1,16.68635568180069,92,4.002334016812714,False,False,False,False,False,False,False,False,False
Movie 1914,Horror,70056627,171023867,1.4412232550105502,1,7.158304061043407,112,8.956984952668183,False,False,False,False,False,False,False,False,False
Movie 1915,Animation,195567833,396678352,1.0283415013347312,1,82.44758925000343,84,6.378077659029978,False,False,False,False,False,False,False,False,False
Movie 1916,Comedy,95159765,251533166,1.643272248518058,1,31.82681204936585,169,5.139730792956312,False,False,False,False,False,False,False,False,False
Movie 1917,Action,42208934,92147003,1.1831160910152339,1,40.76799238321787,156,4.729216163100233,False,False,False,False,False,False,False,False,False
Movie 1918,Animation,34138881,51901260,0.5202976336570609,1,50.77226896935162,106,4.5419504118656855,False,False,False,False,False,False,False,False,False
Movie 1919,Unknown,172654309,468592325,1.7140494072464765,1,84.10587018674552,157,6.984916590326892,False,False,False,False,False,False,False,False,False
Movie 1920,Adventure,22650278,23890406,0.05475111607901678,1,65.43248893458701,103,5.516326989118116,False,False,False,False,False,False,False,False,False
Movie 1921,Adventure,58376857,133484707,1.286603182490623,1,61.89139835592332,146,8.79246419621167,False,False,False,False,False,False,False,False,False
Movie 1922,Comedy,9439469,25523461,1.7039085567207224,1,18.39153789563516,142,7.103058183872169,False,False,False,False,False,False,False,False,False
Movie 1923,Romance,25455289,59267327,1.328291263949115,1,51.805799279273145,173,7.752267546293767,False,False,False,False,False,False,False,False,False
Movie 1924,Science Fiction,39400142,88381947,1.243188539777344,1,71.82272070068687,178,4.75644929149896,False,False,False,False,False,False,False,False,False
Movie 1925,Comedy,55332385,131779372,1.3815957327702393,1,97.35282742001868,127,3.475118454651755,False,False,False,False,False,False,False,False,False
Movie 1926,Comedy,177881769,295753010,0.6626381200425323,1,20.93922461212187,142,5.926937024291286,False,False,False,False,False,False,False,False,False
Movie 1927,Unknown,183461302,492671879,1.6854267010489221,1,1.9447919536554377,157,4.887489279277363,False,False,False,False,False,False,False,False,False
Movie 1928,Drama,195929067,197612330,0.008591185707019163,1,8.454841926248506,91,4.212498990047542,False,False,False,False,False,False,False,False,False
Movie 1929,Science Fiction,181679984,148698897,-0.18153396028480495,0,38.20939405301594,107,8.715852784805168,False,False,False,False,False,False,False,False,False
Movie 1930,Action,61344167,74457829,0.21377194672804017,1,82.23392012685272,123,5.6639292860521815,False,False,False,False,False,False,False,False,False
Movie 1931,Unknown,50092554,91616450,0.8289434793043293,1,1.7070660950562595,172,4.048251552292713,False,False,False,False,False,False,False,False,False
Movie 1932,Drama,82500098,146553544,0.776404483786189,1,46.21632869569819,122,4.191903916086835,False,False,False,False,False,False,False,False,False
Movie 1933,Horror,92144826,235107237,1.5514968903408641,1,33.593830918798055,96,4.684258454787564,False,False,False,False,False,False,False,False,False
Movie 1934,Action,136661445,206553065,0.5114216376096419,1,6.19568929987303,119,8.995897609138277,False,False,False,False,False,False,False,False,False
Movie 1935,Science Fiction,139627080,238882534,0.7108610593303247,1,45.57339238058911,128,4.608069003117584,False,False,False,False,False,False,False,False,False
Movie 1936,Romance,178366431,95144080,-0.4665807940060201,0,26.220122026335165,164,4.972810827470722,False,False,False,False,False,False,False,False,False
Movie 1937,Adventure,93601713,142681592,0.5243480853817281,1,35.83659860035364,136,6.955968767904008,False,False,False,False,False,False,False,False,False
Movie 1938,Romance,43307399,91787242,1.1194355726604592,1,70.855915173645,166,4.7637682584617895,False,False,False,False,False,False,False,False,False
Movie 1939,Unknown,115190001,62061012,-0.46122917387595125,0,52.63354740718575,163,4.29482550635816,False,False,False,False,False,False,False,False,False
Movie 1940,Animation,2308507,2775298,0.20220471499544945,1,13.34009547028852,143,3.951823119897592,False,False,False,False,False,False,False,False,False
Movie 1941,Comedy,144549523,147424742,0.019890892341443422,1,96.18003950194029,154,4.876095990166753,False,False,False,False,False,False,False,False,False
Movie 1942,Romance,116750205,70629621,-0.39503642841569314,0,63.9551658052641,136,3.635494137772641,False,False,False,False,False,False,False,False,False
Movie 1943,Thriller,10986298,18656384,0.6981501867143964,1,76.82097414059062,177,3.1118795184886974,False,False,False,False,False,False,False,False,False
Movie 1944,Science Fiction,76655174,73152663,-0.04569177548276128,0,8.84210185082871,153,7.827850184008064,False,False,False,False,False,False,False,False,False
Movie 1945,Horror,154846218,365081524,1.3577038478266223,1,5.65877956654187,153,3.8273696544874594,False,False,False,False,False,False,False,False,False
Movie 1946,Horror,86111891,225597629,1.619819706432878,1,2.925356986440036,149,7.655861098891454,False,False,False,False,False,False,False,False,False
Movie 1947,Drama,151220165,281868785,0.8639629509728415,1,19.690608749571,179,7.785254873919959,False,False,False,False,False,False,False,False,False
Movie 1948,Drama,21606265,63830704,1.954268310603429,1,42.02643137413102,167,6.227517157975459,False,False,False,False,False,False,False,False,False
Movie 1949,Animation,146309717,237928339,0.6261964268579646,1,93.64678720687948,155,4.858091749877708,False,False,False,False,False,False,False,False,False
Movie 1950,Unknown,64644057,115287538,0.7834205238696575,1,46.24890626731185,122,3.8701964024993303,False,False,False,False,False,False,False,False,False
Movie 1951,Adventure,187418046,557202169,1.973044383356766,1,29.73525543188041,102,7.420830640325994,False,False,False,False,False,True,False,False,False
Movie 1952,Action,80790594,87162636,0.07887108739415878,1,56.63159009844667,106,6.608321915890716,False,False,False,False,False,False,False,False,False
Movie 1953,Action,176037566,502827515,1.8563648454444093,1,12.081523235344134,137,6.932720738961384,False,False,False,False,False,False,False,False,False
Movie 1954,Horror,114398568,69450671,-0.3929061157478824,0,61.34108320949333,116,3.052014539070786,False,False,False,False,False,False,False,False,False
Movie 1955,Adventure,168501499,272292899,0.6159672205646075,1,57.27476347871983,85,8.565102094246948,False,False,False,False,False,False,False,False,False
Movie 1956,Action,190363049,128496729,-0.324991222429937,0,79.40731030716526,144,3.397741124679301,False,False,False,False,False,False,False,False,False
Movie 1957,Animation,5755469,13370454,1.323086789278163,1,98.6820735500854,85,5.200835310840034,False,False,False,False,False,False,False,False,False
Movie 1958,Animation,83162634,168073541,1.0210223379889578,1,25.836473699894945,129,5.416269897910201,False,False,False,False,False,False,False,False,False
Movie 1959,Unknown,161316369,365637368,1.2665856556689545,1,51.4559886295723,101,3.008133146987693,False,False,False,False,False,False,False,False,False
Movie 1960,Unknown,133193291,191292337,0.43620099453808076,1,90.97767522558136,167,5.982535856104782,False,False,False,False,False,False,False,False,False
Movie 1961,Romance,109637707,156091733,0.423704829945048,1,78.73379855786129,104,7.5168539670660595,False,False,False,False,False,False,False,False,False
Movie 1962,Comedy,149368268,91607289,-0.3867018060355363,0,49.25322400697995,158,7.939611918688633,False,False,False,False,False,False,False,False,False
Movie 1963,Horror,180439128,248078963,0.3748623469295418,1,94.591793311863,169,8.276381959835305,False,False,False,False,False,False,False,False,False
Movie 1964,Unknown,137210553,387375715,1.8232210025419837,1,6.666432658164128,151,5.926313209892217,False,False,False,False,False,False,False,False,False
Movie 1965,Drama,71941842,104176560,0.44806634225462283,1,93.16886335154582,130,6.783817143177902,False,False,False,False,False,False,False,False,False
Movie 1966,Action,165777526,427443966,1.5784192605214775,1,6.000231845897848,167,3.477118279778993,False,False,False,False,False,False,False,False,False
Movie 1967,Drama,141370669,368385634,1.6058137561759718,1,55.18316966735375,127,5.928229345690499,False,False,False,False,False,False,False,False,False
Movie 1968,Drama,105779107,151592344,0.4331028905358409,1,89.1536538521075,149,3.928894529230412,False,False,False,False,False,False,False,False,False
Movie 1969,Science Fiction,171503798,356723046,1.0799716983527095,1,27.00937341256898,178,5.217858705735129,False,False,False,False,False,False,False,False,False
Movie 1970,Romance,145773814,107643612,-0.2615709979297105,0,47.75260139557069,144,4.975831877187596,False,False,False,False,False,False,False,False,False
Movie 1971,Romance,188525407,143127820,-0.24080354856361616,0,33.1085590345597,139,5.5412434634490495,False,False,False,False,False,False,False,False,False
Movie 1972,Science Fiction,158507371,98535181,-0.3783558431487707,0,95.2622477905588,125,6.429819707844795,False,False,False,False,False,False,False,False,False
Movie 1973,Drama,90597893,176895804,0.9525377262360837,1,82.54091388055599,115,8.417259882377975,False,False,False,False,False,False,False,False,False
Movie 1974,Drama,137158097,214676759,0.5651774389958181,1,71.19114962131158,137,5.366907788085032,False,False,False,False,False,False,False,False,False
Movie 1975,Science Fiction,122388754,228876870,0.8700808899484344,1,59.17507167489576,155,8.886787174269305,False,False,False,False,False,False,False,False,False
Movie 1976,Comedy,176899285,318893329,0.8026829729696194,1,82.23858714309067,117,7.554168288307217,False,False,False,False,False,False,False,False,False
Movie 1977,Adventure,86103140,118435512,0.375507466975072,1,39.83443711083116,90,6.0688862807303,False,False,False,False,False,False,False,False,False
Movie 1978,Adventure,183444343,402418835,1.193683535937655,1,45.307633655500126,91,6.864158622671664,False,False,False,False,False,False,False,False,False
Movie 1979,Action,161172904,386211329,1.3962547017208302,1,73.27017038700528,121,3.613345026791667,False,False,False,False,False,False,False,False,False
Movie 1980,Drama,109772994,58900966,-0.46342935676875135,0,36.41772156607771,118,8.067129187881928,False,False,False,False,False,False,False,False,False
Movie 1981,Animation,82718171,84215845,0.01810574365818606,1,7.326193262789008,150,6.494144730383795,False,False,False,False,False,False,False,False,False
Movie 1982,Science Fiction,52721929,120368891,1.283089660850611,1,8.359126279721075,90,8.91640488125761,False,False,False,False,False,False,False,False,False
Movie 1983,Comedy,122381618,179478814,0.4665504258981116,1,12.420917329264682,115,6.818572462517095,False,False,False,False,False,False,False,False,False
Movie 1984,Romance,142996476,308330412,1.156209863521392,1,87.09845101102262,131,8.00466949959795,False,False,False,False,False,False,False,False,False
Movie 1985,Unknown,42654364,58325860,0.36740662690457654,1,47.75041614986423,110,7.798576456771438,False,False,False,False,False,False,False,False,False
Movie 1986,Thriller,187400693,276769812,0.47688787895784357,1,71.5753545651289,112,5.072766908809613,False,False,False,False,False,False,False,False,False
Movie 1987,Action,132651518,118948242,-0.10330282085426266,0,39.89802422488443,92,4.55766375139927,False,False,False,False,False,False,False,False,False
Movie 1988,Romance,70055694,80254230,0.14557754577379534,1,26.612383794147814,97,5.58296150058906,False,False,False,False,False,False,False,False,False
Movie 1989,Action,33997728,68455424,1.0135293746688014,1,35.37202458865898,120,5.803448066453023,False,False,False,False,False,False,False,False,False
Movie 1990,Horror,121054662,191618366,0.5829077776451105,1,79.62405218640117,137,4.440508211619863,False,False,False,False,False,False,False,False,False
Movie 1991,Comedy,108902283,265259466,1.435756704935194,1,62.89639637811238,135,8.36758724010583,False,False,False,False,False,False,False,False,False
Movie 1992,Romance,100989204,265749291,1.6314623788895297,1,93.82633821583232,103,6.255287173803876,False,False,False,False,False,False,False,False,False
Movie 1993,Animation,171377374,317753538,0.8541160398454932,1,68.29077307910656,152,8.870666352921418,False,False,False,False,False,False,False,False,False
Movie 1994,Animation,176695801,423304516,1.395668225302083,1,57.4479815437147,110,7.86010666827758,False,False,False,False,False,False,False,False,False
Movie 1995,Comedy,145934935,184937692,0.26726127640376174,1,61.40940488959761,134,6.334229162351676,False,False,False,False,False,False,False,False,False
Movie 1996,Comedy,17169764,26397276,0.537428004252126,1,94.29477250737304,89,8.682241668866155,False,False,False,False,False,False,False,False,False
Movie 1997,Science Fiction,144602179,329974102,1.2819441884067322,1,79.0318920568039,139,6.029248890571843,False,False,False,False,False,False,False,False,False
Movie 1998,Comedy,77123517,113026826,0.465529975766017,1,3.380082499277344,81,8.322639075112022,False,False,False,False,False,False,False,False,False
Movie 1999,Animation,21808635,42990540,0.9712623004603452,1,53.87982991743402,94,5.148868687174833,False,False,False,False,False,False,False,False,False
Movie 2000,Horror,173267671,166931609,-0.0365680565995488,0,69.14550274310992,82,5.271854300424565,False,False,False,False,False,False,False,False,False
